id,id_municipio,id_tipo_institucion,id_nivel_institucion,nombre,siglas,direccion,telefono,fecha_creacion
1,1,1,1,INSTITUTO GUATEMALTECO DE SEGURIDAD SOCIAL -IGSS-,GT-NIT-2342855,,,
2,1,1,1,MINISTERIO DE SALUD PÚBLICA,GT-NIT-2318024,,,
3,1,1,1,INSTITUTO DE RECREACIÓN DE LOS TRABAJADORES -IRTRA-,GT-NIT-2360837,,,
4,1,1,1,MINISTERIO DE LA DEFENSA NACIONAL,GT-NIT-3378187,,,
5,1,1,1,ORGANISMO JUDICIAL,GT-NIT-3377725,,,
6,1,1,1,EMPRESA MUNICIPAL DE AGUA -EMPAGUA-,GT-NIT-3306518,,,
7,1,1,1,"MUNICIPALIDAD DE CATARINA, SAN MARCOS",GT-NIT-6185150,,,
8,1,1,1,MINISTERIO PÚBLICO,GT-NIT-7522517,,,
9,1,1,1,INSTITUTO NACIONAL DE CIENCIAS FORENSES DE GUATEMALA,GT-NIT-53727983,,,
10,1,1,1,ASOCIACION DEPORTIVA NACIONAL DE RUGBY,GT-NIT-86107747,,,
11,1,1,1,"MINISTERIO DE COMUNICACIONES, INFRAESTRUCTURA Y VIVIENDA",GT-NIT-3440915,,,
12,1,1,1,MUNICIPALIDAD DE SIPACATE,GT-NIT-93641885,,,
13,1,1,1,REGISTRO NACIONAL DE LAS PERSONAS -RENAP-,GT-NIT-52469050,,,
14,1,1,1,"MUNICIPALIDAD DE PALENCIA, GUATEMALA",GT-NIT-5613019,,,
15,1,1,1,INSTITUTO NACIONAL DE ELECTRIFICACIÓN -INDE,GT-NIT-2455404,,,
16,1,1,1,MINISTERIO DE CULTURA Y DEPORTES,GT-NIT-662801K,,,
17,1,1,1,PROCURADURIA DE LOS DERECHOS HUMANOS,GT-NIT-6628168,,,
18,1,1,1,DEFENSORIA DE LA MUJER INDIGENA,GT-NIT-54947626,,,
19,1,1,1,SUPERINTENDENCIA DE BANCOS -SIB-,GT-NIT-1952684,,,
20,1,1,1,"MUNICIPALIDAD DE QUETZALTENANGO, QUETZALTENANGO",GT-NIT-5883644,,,
21,1,1,1,"MUNICIPALIDAD DE AYUTLA, SAN MARCOS",GT-NIT-6376517,,,
22,1,1,1,FEDERACION NACIONAL DE FISICO CULTURISMO,GT-NIT-6738745,,,
23,1,1,1,MINISTERIO DE ENERGIA Y MINAS,GT-NIT-3377938,,,
24,1,1,1,SECRETARÍA DE BIENESTAR SOCIAL DE LA PRESIDENCIA DE LA REPÚBLICA,GT-NIT-3377881,,,
25,1,1,1,"MUNICIPALIDAD DE TAJUMULCO, SAN MARCOS",GT-NIT-5717310,,,
26,1,1,1,SUPERINTENDENCIA DE ADMINISTRACION TRIBUTARIA -SAT-,GT-NIT-16693949,,,
27,1,1,1,ACADEMIA DE LENGUAS MAYAS DE GUATEMALA -ALMG-,GT-NIT-5974453,,,
28,1,1,1,SECRETARÍA DE ASUNTOS ADMINISTRATIVOS Y DE SEGURIDAD DE LA PRESIDENCIA -SAASP-,GT-NIT-23714859,,,
29,1,1,1,"MUNICIPALIDAD DE MIXCO, GUATEMALA",GT-NIT-2346125,,,
30,1,1,1,"MUNICIPALIDAD DE ESQUIPULAS, CHIQUIMULA",GT-NIT-4485807,,,
31,1,1,1,FEDERACION NACIONAL DE BEISBOL,GT-NIT-6153062,,,
32,1,1,1,CONFEDERACIÓN DEPORTIVA AUTÓNOMA DE GUATEMALA -CDAG-,GT-NIT-954454,,,
33,1,1,1,"MUNICIPALIDAD DE RETALHULEU, RETALHULEU",GT-NIT-4273109,,,
34,1,1,1,MINISTERIO DE GOBERNACIÓN,GT-NIT-2492334,,,
35,1,1,1,"MUNICIPALIDAD DE QUEZALTEPEQUE, CHIQUIMULA",GT-NIT-6909647,,,
36,1,1,1,"MINISTERIO DE AGRICULTURA, GANADERIA Y ALIMENTACIÓN",GT-NIT-3440273,,,
37,1,1,1,INSTITUTO TÉCNICO DE CAPACITACIÓN Y PRODUCTIVIDAD -INTECAP-,GT-NIT-3440710,,,
38,1,1,1,COMITÉ OLÍMPICO GUATEMALTECO -COG-,GT-NIT-3052915,,,
39,1,1,1,MANCOMUNIDAD TRINACIONAL FRONTERIZA RIO LEMPA,GT-NIT-57206341,,,
40,1,1,1,UNIDAD DE CIRUGIA CARDIOVASCULAR DE GUATEMALA,GT-NIT-6699723,,,
41,1,1,1,"MUNICIPALIDAD DE SAN FRANCISCO LA UNIÓN, QUETZALTENANGO",GT-NIT-6581412,,,
42,1,1,1,MINISTERIO DE DESARROLLO SOCIAL,GT-NIT-77115023,,,
43,1,1,1,"MUNICIPALIDAD DE FRAIJANES, GUATEMALA",GT-NIT-612044K,,,
44,1,1,1,ASOCIACIÓN DE DESARROLLO VERDE DE GUATEMALA,GT-NIT-87709341,,,
45,1,1,1,MUNICIPALIDAD DE SAN JOSE LA MAQUINA SUCHITEPEQUEZ,GT-NIT-87192144,,,
46,1,1,1,UNIDAD NACIONAL DE OFTALMOLOGIA,GT-NIT-23593016,,,
47,1,1,1,"MUNICIPALIDAD DE FLORES COSTA CUCA, QUETZALTENANGO",GT-NIT-624775K,,,
48,1,1,1,UNIDAD NACIONAL DE ATENCION AL ENFERMO RENAL CRONICO UNAERC,GT-NIT-851853K,,,
49,1,1,1,"MUNICIPALIDAD DE IZTAPA, ESCUINTLA",GT-NIT-4144155,,,
50,1,1,1,COMITE NACIONAL DE ALFABETIZACION -CONALFA-,GT-NIT-5028434,,,
51,1,1,1,"""ASOCIACION LATINOAMERICANA ECO-INNOVACION PARA EL FOMENTO DEL DESARROLLO SOSTENIBLE""",GT-NIT-94252890,,,
52,1,1,1,CONSEJO NACIONAL DE ÁREAS PROTEGIDAS,GT-NIT-6632580,,,
53,1,1,1,MINISTERIO DE AMBIENTE Y RECURSOS NATURALES,GT-NIT-25562614,,,
54,1,1,1,"MUNICIPALIDAD DE TOTONICAPÁN, TOTONICAPÁN",GT-NIT-3441040,,,
55,1,1,1,EMPRESA MUNICIPAL DE AGUA POTABLE Y ALCANTARILLADO -EMAPET FLORES-SAN BENITO-,GT-NIT-8495661,,,
56,1,1,1,INSTITUTO NACIONAL DE BOSQUES -INAB-,GT-NIT-8429448,,,
57,1,1,1,"MUNICIPALIDAD DE IPALA, CHIQUIMULA",GT-NIT-5563046,,,
58,1,1,1,REGISTRO DE INFORMACIÓN CATASTRAL,GT-NIT-44916825,,,
59,1,1,1,"MUNICIPALIDAD DE SAN MIGUEL PETAPA, GUATEMALA",GT-NIT-6720307,,,
60,1,1,1,MINISTERIO DE ECONOMIA,GT-NIT-3440494,,,
61,1,1,1,MINISTERIO DE EDUCACIÓN,GT-NIT-3225399,,,
62,1,1,1,ASOCIACION DEPORTIVA NACIONAL DE GOLF DE GUATEMALA,GT-NIT-7108303,,,
63,1,1,1,"ASOCIACIÓN OBRAS SOCIALES DEL SANTO HERMANO PEDRO, F.F.",GT-NIT-5461987,,,
64,1,1,1,FONDO DE DESARROLLO INDIGENA GUATEMALTECO -FODIGUA-,GT-NIT-7844352,,,
65,1,1,1,SECRETARÍA DE COMUNICACIÓN SOCIAL DE LA PRESIDENCIA DE LA REPÚBLICA,GT-NIT-3377873,,,
66,1,1,1,ASOCIACION CHAB'IL IK CHIK' AJB'OM -STA. MA.CAHABON ALT.VER,GT-NIT-10127310K,,,
67,1,1,1,SECRETARÍA PRESIDENCIAL DE LA MUJER,GT-NIT-25257706,,,
68,1,1,1,SECRETARÍA DE LA PAZ,GT-NIT-7372167,,,
69,1,1,1,ORGANIZACION CRISTIANA DE BENEFICIO SOCIAL ESPERANZA DE VIDA ONG,GT-NIT-37844253,,,
70,1,1,1,"MUNICIPALIDAD DE SAN JUAN IXCOY, HUEHUETENANGO",GT-NIT-5992818,,,
71,1,1,1,SECRETARÍA DE PLANIFICACIÓN Y PROGRAMACIÓN DE LA PRESIDENCIA,GT-NIT-16369823,,,
72,1,1,1,MINISTERIO DE FINANZAS PÚBLICAS,GT-NIT-3378284,,,
73,1,1,1,BANCO DE GUATEMALA,GT-NIT-320587,,,
74,1,1,1,MANCOMUNIDAD DE MUNICIPIOS DE DESARROLLO INTEGRAL DE LA CUENCA COPANCH'ORTI',GT-NIT-32080611,,,
75,1,1,1,"MUNICIPALIDAD DE SAN CRISTÓBAL TOTONICAPAN, TOTONICAPÁN",GT-NIT-6651437,,,
76,1,1,1,"MUNICIPALIDAD DE GUATEMALA, GUATEMALA",GT-NIT-3441024,,,
77,1,1,1,INSTITUTO GUATEMALTECO DE TURISMO -INGUAT-,GT-NIT-3441008,,,
78,1,1,1,"MUNICIPALIDAD DE SAN JOSÉ, ESCUINTLA",GT-NIT-4143914,,,
79,1,1,1,"MUNICIPALIDAD DE OLINTEPEQUE, QUETZALTENANGO",GT-NIT-6720749,,,
80,1,1,1,CREDITO HIPOTECARIO NACIONAL  -CHN-,GT-NIT-330388,,,
81,1,1,1,"MUNICIPALIDAD DE NUEVA SANTA ROSA, SANTA ROSA",GT-NIT-629524K,,,
82,1,1,1,"""ASOCIACION DE DESARROLLO INTEGRAL IXIL LOCHB'ALIB""",GT-NIT-75503514,,,
83,1,1,1,"MUNICIPALIDAD DE DOLORES, PETÉN",GT-NIT-3683176,,,
84,1,1,1,MINISTERIO DE RELACIONES EXTERIORES,GT-NIT-3377946,,,
85,1,1,1,UNIVERSIDAD DE SAN CARLOS DE GUATEMALA -USAC-,GT-NIT-2551179,,,
86,1,1,1,"MUNICIPALIDAD DE SAN RAFAEL LAS FLORES, SANTA ROSA",GT-NIT-644279K,,,
87,1,1,1,INSTITUTO DE FOMENTO MUNICIPAL  -INFOM-,GT-NIT-974250,,,
88,1,1,1,"MUNICIPALIDAD DE PASTORES, SACATEPÉQUEZ",GT-NIT-6262325,,,
89,1,1,1,"MUNICIPALIDAD DE CHINAUTLA, GUATEMALA",GT-NIT-2990555,,,
90,1,1,1,"MUNICIPALIDAD DE UNIÓN CANTINIL, HUEHUETENANGO",GT-NIT-44341008,,,
91,1,1,1,"MUNICIPALIDAD DE SANTA LUCIA UTATLAN, SOLOLÁ",GT-NIT-6712207,,,
92,1,1,1,"MUNICIPALIDAD DE SAN MARTÍN SACATEPEQUEZ, QUETZALTENANGO",GT-NIT-7567561,,,
93,1,1,1,"FUNDACION PARA EL DESARROLLO Y EDUCACION DE LA MUJER INDIGENA ""FUNDEMI-TALITA KUMI""",GT-NIT-8196834,,,
94,1,1,1,PROCURADURIA GENERAL DE LA NACIÓN,GT-NIT-7177933,,,
95,1,1,1,"MUNICIPALIDAD DE COMITANCILLO, SAN MARCOS",GT-NIT-6596223,,,
96,1,1,1,FEDERACION NACIONAL DE TENIS DE CAMPO,GT-NIT-6200230,,,
97,1,1,1,MUNICIPALIDAD DE RAXRUHA ALTA VERAPAZ,GT-NIT-61655066,,,
98,1,1,1,"MUNICIPALIDAD DE SANTA CATARINA PINULA, GUATEMALA",GT-NIT-6180698,,,
99,1,1,1,FUNDACION AYUDAME A ESCUCHAR BARBARA NICOLLE,GT-NIT-83203133,,,
100,1,1,1,"MUNICIPALIDAD DE AMATITLAN, GUATEMALA",GT-NIT-3180700,,,
101,1,1,1,FEDERACION NACIONAL DE BADMINTON DE GUATEMALA,GT-NIT-6180221,,,
102,1,1,1,"MUNICIPALIDAD DE EL PROGRESO, JUTIAPA",GT-NIT-6316131,,,
103,1,1,1,EMPRESA ELÉCTRICA MUNICIPAL DE ZACAPA,GT-NIT-113209479,,,
104,1,1,1,ASOCIACION DEPORTIVA NACIONAL DE ECUESTRES,GT-NIT-6670032,,,
105,1,1,1,CONTRALORÍA GENERAL DE CUENTAS,GT-NIT-637672K,,,
106,1,1,1,EMPRESA PORTUARIA NACIONAL SANTO TOMÁS DE CASTILLA -EMPORNAC-,GT-NIT-3133222,,,
107,1,1,1,AUTORIDAD PARA EL MANEJO SUSTENTABLE DE LA CUENCA DEL LAGO DE ATITLÁN Y SU ENTORNO,GT-NIT-16924622,,,
108,1,1,1,"MUNICIPALIDAD DE FLORES, PETÉN",GT-NIT-651233K,,,
109,1,1,1,"MUNICIPALIDAD DE CUBULCO, BAJA VERAPAZ",GT-NIT-6434290,,,
110,1,1,1,"MUNICIPALIDAD DE ANTIGUA GUATEMALA, SACATEPÉQUEZ",GT-NIT-6148964,,,
111,1,1,1,SECRETARIA TECNICA DEL CONSEJO NACIONAL DE SEGURIDAD,GT-NIT-74204033,,,
112,1,1,1,SECRETARÍA EJECUTIVA DE LA INSTANCIA COORDINADORA DE LA MODERNIZACIÓN DEL SECTOR JUSTICIA,GT-NIT-19907435,,,
113,1,1,1,MANCOMUNIDAD DE MUNICIPIOS DE LA CUENCA DEL RIO NARANJO-MANCUERNA-,GT-NIT-35233400,,,
114,1,1,1,"MUNICIPALIDAD DE MASAGUA, ESCUINTLA",GT-NIT-2337118,,,
115,1,1,1,"COOPERATIVA INTEGRAL AGRÍCOLA ""CHICALITOS"" RESPONSABILIDAD LIMITADA",GT-NIT-97085308,,,
116,1,1,1,"MUNICIPALIDAD DE MONJAS, JALAPA",GT-NIT-6948308,,,
117,1,1,1,EMPRESA ELECTRICA MUNICIPAL DE GUALAN -ZACAPA-,GT-NIT-6248926,,,
118,1,1,1,CONSEJO NACIONAL DE ADOPCIONES,GT-NIT-57619425,,,
119,1,1,1,"MUNICIPALIDAD DE SAN ANDRÉS SAJCABAJA, QUICHÉ",GT-NIT-6852645,,,
120,1,1,1,"MUNICIPALIDAD DE COBÁN, ALTA VERAPAZ",GT-NIT-4097777,,,
121,1,1,1,SECRETARÍA GENERAL,GT-NIT-2527189,,,
122,1,1,1,BENEMÉRITO CUERPO DE BOMBEROS MUNICIPALES,GT-NIT-6636950,,,
123,1,1,1,"MUNICIPALIDAD DE SAN MATEO, QUETZALTENANGO",GT-NIT-6556078,,,
124,1,1,1,"MUNICIPALIDAD DE CHUARRANCHO, GUATEMALA",GT-NIT-6088856,,,
125,1,1,1,"MUNICIPALIDAD DE SANTA CATARINA BARAHONA,  SACATEPÉQUEZ",GT-NIT-6185258,,,
126,1,1,1,"MUNICIPALIDAD DE SAN ANDRÉS, PETÉN",GT-NIT-3683168,,,
127,1,1,1,"MUNICIPALIDAD DE RÍO HONDO, ZACAPA",GT-NIT-6284973,,,
128,1,1,1,SECRETARIA DE SEGURIDAD ALIMENTARIA Y NUTRICIONAL PRESIDENCIA DE LA REPUBLICA,GT-NIT-41255674,,,
129,1,1,1,INSTITUTO DE FOMENTO DE HIPOTECAS ASEGURADAS -FHA-,GT-NIT-337366,,,
130,1,1,1,"SECRETARÍA CONTRA LA VIOLENCIA SEXUAL, EXPLOTACION Y TRATA DE PERSONAS",GT-NIT-74639234,,,
131,1,1,1,"MUNICIPALIDAD DE PALESTINA DE LOS ALTOS, QUETZALTENANGO",GT-NIT-6284833,,,
132,1,1,1,"MUNICIPALIDAD DE COMALAPA, CHIMALTENANGO",GT-NIT-6150004,,,
133,1,1,1,ORGANISMO LEGISLATIVO,GT-NIT-3377709,,,
134,1,1,1,"MUNICIPALIDAD DE SAN ANDRÉS ITZAPA, CHIMALTENANGO",GT-NIT-6134149,,,
135,1,1,1,INSTITUTO DE LA DEFENSA PÚBLICA PENAL,GT-NIT-17820197,,,
136,1,1,1,"MUNICIPALIDAD DE SANTA ANA, PETÉN",GT-NIT-5026024,,,
137,1,1,1,CONSEJO NACIONAL DE LA JUVENTUD,GT-NIT-8315973,,,
138,1,1,1,"MUNICIPALIDAD DE CUILAPA, SANTA ROSA",GT-NIT-6527310,,,
139,1,1,1,"MUNICIPALIDAD DE LOS AMATES, IZABAL",GT-NIT-6134424,,,
140,1,1,1,OFICINA NACIONAL DE SERVICIO CIVIL,GT-NIT-2337762,,,
141,1,1,1,"MUNICIPALIDAD DE SAN PEDRO CARCHA, ALTA VERAPAZ",GT-NIT-4132726,,,
142,1,1,1,"MUNICIPALIDAD DE SANTA CATALINA LA TINTA, ALTA VERAPAZ",GT-NIT-24423262,,,
143,1,1,1,EMPRESA PORTUARIA QUETZAL -EPQ-,GT-NIT-3377830,,,
144,1,1,1,"MUNICIPALIDAD DE SAN BARTOLOMÉ MILPAS ALTAS, SACATEPÉQUEZ",GT-NIT-6248446,,,
145,1,1,1,UNIDAD NACIONAL DE ONCOLOGIA PEDIATRICA,GT-NIT-22464611,,,
146,1,1,1,COORDINADORA Q'EQCHI´ PARA EL DESARROLLO COMUNITARIO,GT-NIT-10084409K,,,
147,1,1,1,"MUNICIPALIDAD DE SAN ANTONIO HUISTA, HUEHUETENANGO",GT-NIT-5992893,,,
148,1,1,1,"MUNICIPALIDAD DE MOMOSTENANGO, TOTONICAPÁN",GT-NIT-6563163,,,
149,1,1,1,MUNICIPALIDAD DE TODOS SANTOS CUCHUMATAN,GT-NIT-5981344,,,
150,1,1,1,"MUNICIPALIDAD DE SAN JUAN SACATEPEQUEZ, GUATEMALA",GT-NIT-6284884,,,
151,1,1,1,"MUNICIPALIDAD DE SAN PABLO, SAN MARCOS",GT-NIT-6157149,,,
152,1,1,1,EMPRESA ELÉCTRICA MUNICIPAL DE HUEHUETENANGO,GT-NIT-4241045,,,
153,1,1,1,"MUNICIPALIDAD DE USPANTAN, QUICHÉ",GT-NIT-5562791,,,
154,1,1,1,"MUNICIPALIDAD DE SAN PEDRO SACATEPEQUEZ, SAN MARCOS",GT-NIT-4236289,,,
155,1,1,1,ZONA LIBRE DE INDUSTRIA Y COMERCIO SANTO TOMÁS DE CASTILLA -ZOLIC-,GT-NIT-3303330,,,
156,1,1,1,INSTITUTO NACIONAL DE COMERCIALIZACIÓN AGRÍCOLA -INDECA-,GT-NIT-3190161,,,
157,1,1,1,ASOCIACION AGROPECUARIA SEPURUL,GT-NIT-44706928,,,
158,1,1,1,"MUNICIPALIDAD DE SAN CARLOS SIJA, QUETZALTENANGO",GT-NIT-6037127,,,
159,1,1,1,ASOCIACION LIGA NACIONAL CONTRA EL CANCER,GT-NIT-355062,,,
160,1,1,1,"MUNICIPALIDAD DE CHAMPERICO, RETALHULEU",GT-NIT-6232590,,,
161,1,1,1,"MUNICIPALIDAD DE SAN ANTONIO SACATEPEQUEZ, SAN MARCOS",GT-NIT-6556086,,,
162,1,1,1,PLAN DE PRESTACIONES DEL EMPLEADO MUNICIPAL,GT-NIT-662037K,,,
163,1,1,1,FUNDACION DE ASISTENCIA SOCIAL DE LA IGLESIA CATOLICA DE LA ARQUIDIOCESIS DE GUATEMALA,GT-NIT-3224511,,,
164,1,1,1,"MUNICIPALIDAD DE SAN MARCOS, SAN MARCOS",GT-NIT-1766562,,,
165,1,1,1,"MUNICIPALIDAD DE SANTA LUCIA MILPAS ALTAS, SACATEPÉQUEZ",GT-NIT-6248608,,,
166,1,1,1,"MUNICIPALIDAD DE ALOTENANGO, SACATEPÉQUEZ",GT-NIT-6262562,,,
167,1,1,1,"MUNICIPALIDAD DE ZUNIL, QUETZALTENANGO",GT-NIT-6199992,,,
168,1,1,1,"MUNICIPALIDAD DE HUITE, ZACAPA",GT-NIT-615722K,,,
169,1,1,1,EMPRESA ELECTRICA MUNICIPAL DE PUERTO BARRIOS,GT-NIT-2399083,,,
170,1,1,1,"MUNICIPALIDAD DE SAN BARTOLO, TOTONICAPÁN",GT-NIT-4208323,,,
171,1,1,1,"MUNICIPALIDAD DE SALAMA, BAJA VERAPAZ",GT-NIT-4246306,,,
172,1,1,1,TRIBUNAL ELECCIONARIO DEL DEPORTE FEDERADO,GT-NIT-17555051,,,
173,1,1,1,"MUNICIPALIDAD DE SANARATE, EL PROGRESO",GT-NIT-1716719,,,
174,1,1,1,FIDEICOMISO PARA LA PLANIFICACION Y DESARROLLO DEL MUNICIPIO DE VILLA NUEVA,GT-NIT-37253107,,,
175,1,1,1,"MUNICIPALIDAD DE EL ASINTAL, RETALHULEU",GT-NIT-5349125,,,
176,1,1,1,CORTE DE CONSTITUCIONALIDAD,GT-NIT-6687598,,,
177,1,1,1,"MUNICIPALIDAD DE SAN MARTÍN JILOTEPEQUE, CHIMALTENANGO",GT-NIT-5035120,,,
178,1,1,1,"MUNICIPALIDAD DE PATULUL, SUCHITEPÉQUEZ",GT-NIT-6539491,,,
179,1,1,1,ASOC. DE PADRES DE FAM. Y AMIGOS DE LA ESC. DE EDUC. ESPECIAL Y CENTRO DE REHABILITACION INTEGRAL,GT-NIT-24980080,,,
180,1,1,1,"MUNICIPALIDAD DE CHICHE, QUICHÉ",GT-NIT-6734391,,,
181,1,1,1,"MUNICIPALIDAD DE YUPILTEPEQUE, JUTIAPA",GT-NIT-6334504,,,
182,1,1,1,"MUNICIPALIDAD DE SANTA CATARINA IXTAHUACAN, SOLOLÁ",GT-NIT-4166825,,,
183,1,1,1,"MUNICIPALIDAD DE TIQUISATE, ESCUINTLA",GT-NIT-2348969,,,
184,1,1,1,INSTITUTO NACIONAL DE COOPERATIVAS -INACOP-,GT-NIT-1979086,,,
185,1,1,1,"MUNICIPALIDAD DE SAN JOSÉ LA ARADA, CHIQUIMULA",GT-NIT-4423828,,,
186,1,1,1,"MUNICIPALIDAD DE LA LIBERTAD, PETÉN",GT-NIT-6871755,,,
187,1,1,1,FEDERACION NACIONAL DE BOLICHE C.D.A.G.,GT-NIT-6669905,,,
188,1,1,1,"MUNICIPALIDAD DE SAN IDELFONSO IXTAHUACÁN, HUEHUETENANGO",GT-NIT-5986494,,,
189,1,1,1,"MUNICIPALIDAD DE PALÍN, ESCUINTLA",GT-NIT-4144112,,,
190,1,1,1,BENEMERITO CUERPO VOLUNTARIO DE BOMBEROS DE GUATEMALA,GT-NIT-3440974,,,
191,1,1,1,"MUNICIPALIDAD DE SANTA ROSA DE LIMA, SANTA ROSA",GT-NIT-6507174,,,
192,1,1,1,"MUNICIPALIDAD DE VILLA NUEVA, GUATEMALA",GT-NIT-5150019,,,
193,1,1,1,"MUNICIPALIDAD DE JEREZ, JUTIAPA",GT-NIT-6996329,,,
194,1,1,1,SECRETARIA NACIONAL DE ADMINISTRACION DE BIENES EN EXTINCION DE DOMINIO,GT-NIT-74472283,,,
195,1,1,1,SECRETARÍA DE OBRAS SOCIALES DE LA ESPOSA DEL PRESIDENTE,GT-NIT-6744087,,,
196,1,1,1,"MUNICIPALIDAD DE SAN ANTONIO SUCHITEPEQUEZ, SUCHITEPÉQUEZ",GT-NIT-6624421,,,
197,1,1,1,"MUNICIPALIDAD DE SAN PEDRO SOLOMA, HUEHUETENANGO",GT-NIT-5986664,,,
198,1,1,1,"MUNICIPALIDAD DE JOCOTAN, CHIQUIMULA",GT-NIT-4423844,,,
199,1,1,1,"MUNICIPALIDAD DE CHIANTLA, HUEHUETENANGO",GT-NIT-5986648,,,
200,1,1,1,"MUNICIPALIDAD DE CIUDAD VIEJA, SACATEPÉQUEZ",GT-NIT-6248845,,,
201,1,1,1,"MUNICIPALIDAD DE SAN ANDRÉS VILLA SECA, RETALHULEU",GT-NIT-6248470,,,
202,1,1,1,"MUNICIPALIDAD DE SAN JUAN BAUTISTA, SUCHITEPÉQUEZ",GT-NIT-6677533,,,
203,1,1,1,"MUNICIPALIDAD DE SOLOLÁ, SOLOLÁ",GT-NIT-2107341,,,
204,1,1,1,"MUNICIPALIDAD DE HUEHUETENANGO, HUEHUETENANGO",GT-NIT-4623479,,,
205,1,1,1,"MUNICIPALIDAD DE VILLA CANALES, GUATEMALA",GT-NIT-5380227,,,
206,1,1,1,"MUNICIPALIDAD DE LA GOMERA, ESCUINTLA",GT-NIT-4144198,,,
207,1,1,1,"MUNICIPALIDAD DE PATZUN, CHIMALTENANGO",GT-NIT-6452205,,,
208,1,1,1,"MUNICIPALIDAD DE CANTEL, QUETZALTENANGO",GT-NIT-6264786,,,
209,1,1,1,"MUNICIPALIDAD DE SAN JUAN CHAMELCO, ALTA VERAPAZ",GT-NIT-6506623,,,
210,1,1,1,TRIBUNAL SUPREMO ELECTORAL.,GT-NIT-4491882,,,
211,1,1,1,ASOCIACIÓN NACIONAL DE LA CRUZ ROJA GUATEMALTECA,GT-NIT-356557,,,
212,1,1,1,"MUNICIPALIDAD DE MALACATANCITO, HUEHUETENANGO",GT-NIT-5986257,,,
213,1,1,1,"MUNICIPALIDAD DE SIBILIA, QUETZALTENANGO",GT-NIT-6720242,,,
214,1,1,1,"MUNICIPALIDAD DE SAN MANUEL CHAPARRÓN, JALAPA",GT-NIT-6642942,,,
215,1,1,1,"MUNICIPALIDAD DE SAN MIGUEL IXTAGUACAN, SAN MARCOS",GT-NIT-634822K,,,
216,1,1,1,"MUNICIPALIDAD DE PAJAPITA, SAN MARCOS",GT-NIT-6437222,,,
217,1,1,1,"MUNICIPALIDAD DE LA ESPERANZA, QUETZALTENANGO",GT-NIT-620015K,,,
218,1,1,1,FIDEICOMISO DE APOYO A LA PLANIFICACION URBANA,GT-NIT-19602227,,,
219,1,1,1,"MUNICIPALIDAD DE RÍO BLANCO, SAN MARCOS",GT-NIT-6434126,,,
220,1,1,1,"MUNICIPALIDAD DE SAN MIGUEL ACATAN, HUEHUETENANGO",GT-NIT-4250990,,,
221,1,1,1,"MUNICIPALIDAD DE SAN BARTOLOMÉ JOCOTENANGO, QUICHÉ",GT-NIT-691411K,,,
222,1,1,1,"MUNICIPALIDAD DE ATESCATEMPA, JUTIAPA",GT-NIT-6539297,,,
223,1,1,1,ENTIDAD METROPOLITANA REGULADORA DE TRANSPORTE Y TRANSITO,GT-NIT-835782K,,,
224,1,1,1,"MUNICIPALIDAD DE SANTA CRUZ DEL QUICHÉ, QUICHÉ",GT-NIT-3274519,,,
225,1,1,1,"MUNICIPALIDAD DE COLOTENANGO, HUEHUETENANGO",GT-NIT-6055303,,,
226,1,1,1,INSTITUTO GUATEMALTECO DE MIGRACION,GT-NIT-101677537,,,
227,1,1,1,INSTITUTO NACIONAL DE ESTADÍSTICA -INE-,GT-NIT-3440516,,,
228,1,1,1,MINISTERIO DE TRABAJO Y PREVISIÓN SOCIAL,GT-NIT-3440168,,,
229,1,1,1,"MUNICIPALIDAD DE PARRAMOS, CHIMALTENANGO",GT-NIT-6180825,,,
230,1,1,1,"MUNICIPALIDAD DE PACHALUM, QUICHÉ",GT-NIT-6563201,,,
231,1,1,1,"MUNICIPALIDAD DE AGUACATAN, HUEHUETENANGO",GT-NIT-5986303,,,
232,1,1,1,"MUNICIPALIDAD DE SANTA MARIA CHIQUIMULA, TOTONICAPÁN",GT-NIT-4208447,,,
233,1,1,1,"MUNICIPALIDAD DE SAN CARLOS ALZATATE, JALAPA",GT-NIT-6760058,,,
234,1,1,1,"MUNICIPALIDAD DE FRAY BARTOLOMÉ DE LAS CASAS, ALTA VERAPAZ",GT-NIT-3581713,,,
235,1,1,1,"MUNICIPALIDAD DE SAN PEDRO PINULA, JALAPA",GT-NIT-4094646,,,
236,1,1,1,FEDERACION NACIONAL DE BOXEO -CDAG-,GT-NIT-6160751,,,
237,1,1,1,"MUNICIPALIDAD DE SAN JUAN ERMITA, CHIQUIMULA",GT-NIT-6850189,,,
238,1,1,1,ASOCIACION NACIONAL DE SOFTBOL DE GUATEMALA,GT-NIT-6150055,,,
239,1,1,1,"MUNICIPALIDAD DE SAN LUCAS SACATEPEQUEZ, SACATEPÉQUEZ",GT-NIT-6261558,,,
240,1,1,1,AUTORIDAD PARA EL MANEJO SUSTENTABLE DE LA CUENCA Y DEL LAGO DE AMATITLAN,GT-NIT-7803818,,,
241,1,1,1,MUNICIPALIDAD DE PETATAN,GT-NIT-93175183,,,
242,1,1,1,"MUNICIPALIDAD DE SAN JUAN COTZAL, QUICHÉ",GT-NIT-4521498,,,
243,1,1,1,ASOCIACION NACIONAL DE TIRO CON ARCO DE GUATEMALA,GT-NIT-1197267K,,,
244,1,1,1,"MUNICIPALIDAD DE CHICAMAN, QUICHÉ",GT-NIT-6857167,,,
245,1,1,1,ESCUELA NACIONAL CENTRAL DE AGRICULTURA -ENCA-,GT-NIT-4998952,,,
246,1,1,1,FEDERACION NACIONAL DE FUTBOL,GT-NIT-2539446,,,
247,1,1,1,"MUNICIPALIDAD DE MOYUTA, JUTIAPA",GT-NIT-5583934,,,
248,1,1,1,"MUNICIPALIDAD DE SANTIAGO CHIMALTENANGO, HUEHUETENANGO",GT-NIT-5986524,,,
249,1,1,1,"MUNICIPALIDAD DE MELCHOR DE MENCOS, PETÉN",GT-NIT-3683303,,,
250,1,1,1,"MUNICIPALIDAD DE SAN JUAN TECUACO, SANTA ROSA",GT-NIT-634643K,,,
251,1,1,1,"MUNICIPALIDAD DE SALCAJA, QUETZALTENANGO",GT-NIT-5332621,,,
252,1,1,1,FEDERACION NACIONAL DE REMO Y CANOTAJE.,GT-NIT-588277K,,,
253,1,1,1,SEGUNDO REGISTRO DE LA PROPIEDAD,GT-NIT-40091570,,,
254,1,1,1,"MUNICIPALIDAD DE PUEBLO NUEVO VIÑAS, SANTA ROSA",GT-NIT-6767184,,,
255,1,1,1,"MUNICIPALIDAD DE SAN RAFAEL PIE DE LA CUESTA, SAN MARCOS",GT-NIT-6596274,,,
256,1,1,1,"MUNICIPALIDAD DE CHIMALTENANGO, CHIMALTENANGO",GT-NIT-2974681,,,
257,1,1,1,"MUNICIPALIDAD DE SAN PEDRO NECTA, HUEHUETENANGO",GT-NIT-5986605,,,
258,1,1,1,COMISIÓN NACIONAL DE ENERGIA ELÉCTRICA,GT-NIT-9299661,,,
259,1,1,1,"MUNICIPALIDAD DE SANTA CATARINA MITA, JUTIAPA",GT-NIT-6124704,,,
260,1,1,1,"MUNICIPALIDAD DE IXCAN, QUICHÉ",GT-NIT-6747833,,,
261,1,1,1,"MUNICIPALIDAD DE CHISEC, ALTA VERAPAZ",GT-NIT-5235235,,,
262,1,1,1,"MUNICIPALIDAD DE SAN CRISTÓBAL VERAPAZ, ALTA VERAPAZ",GT-NIT-6572839,,,
263,1,1,1,FIDEICOMISO DE TRANSPORTE DE LA CIUDAD DE GUATEMALA,GT-NIT-8508682,,,
264,1,1,1,"MUNICIPALIDAD DE MORAZAN, EL PROGRESO",GT-NIT-618085K,,,
265,1,1,1,INSTITUTO NACIONAL DE ADMINISTRACION PUBLICA INAP,GT-NIT-3440737,,,
266,1,1,1,"MUNICIPALIDAD DE JALAPA, JALAPA",GT-NIT-6683835,,,
267,1,1,1,"MUNICIPALIDAD DE USUMATLAN, ZACAPA",GT-NIT-11658452,,,
268,1,1,1,"MUNICIPALIDAD DE CONCEPCIÓN LAS MINAS, CHIQUIMULA",GT-NIT-4596889,,,
269,1,1,1,"MUNICIPALIDAD DE SAN JUAN LA LAGUNA, SOLOLÁ",GT-NIT-618491K,,,
270,1,1,1,"MUNICIPALIDAD DE JOYABAJ, QUICHÉ",GT-NIT-6666396,,,
271,1,1,1,"MUNICIPALIDAD DE SAN PEDRO SACATEPEQUEZ, GUATEMALA",GT-NIT-6200184,,,
272,1,1,1,"MUNICIPALIDAD DE BARBERENA, SANTA ROSA",GT-NIT-5391539,,,
273,1,1,1,"MUNICIPALIDAD DE JUTIAPA, JUTIAPA",GT-NIT-2289520,,,
274,1,1,1,"MUNICIPALIDAD DE ASUNCIÓN MITA, JUTIAPA",GT-NIT-6565867,,,
275,1,1,1,FEDERACION NACIONAL DE ESGRIMA C.D.A.G.,GT-NIT-6205038,,,
276,1,1,1,INSTITUTO PARA LA ASISTENCIA Y ATENCION A LA VICTIMA DEL DELITO,GT-NIT-106769316,,,
277,1,1,1,FEDERACION DE ASOCIACIONES AGRICOLAS DE GUATEMALA,GT-NIT-26252449,,,
278,1,1,1,"MUNICIPALIDAD DE CONCEPCIÓN CHIQUIRICHAPA, QUETZALTENANGO",GT-NIT-626493K,,,
279,1,1,1,"MUNICIPALIDAD DE SANTA MARÍA IXHUATÁN, SANTA ROSA",GT-NIT-6539440,,,
280,1,1,1,"MUNICIPALIDAD DE NUEVO PROGRESO, SAN MARCOS",GT-NIT-6492223,,,
281,1,1,1,"MUNICIPALIDAD DE SAN RAFAEL PETZAL, HUEHUETENANGO",GT-NIT-73325880,,,
282,1,1,1,"MUNICIPALIDAD DE SAN JOSÉ ACATEMPA, JUTIAPA",GT-NIT-6153291,,,
283,1,1,1,"MUNICIPALIDAD DE SAYAXCHE, PETÉN",GT-NIT-2835126,,,
284,1,1,1,MUNICIPALIDAD DE SAN JORGE,GT-NIT-87109360,,,
285,1,1,1,"MUNICIPALIDAD DE PASACO, JUTIAPA",GT-NIT-6134688,,,
286,1,1,1,"MUNICIPALIDAD DE ORATORIO, SANTA ROSA",GT-NIT-6527396,,,
287,1,1,1,COMISION PRESIDENCIAL COORDINADORA DE LA POL. DEL EJECUTIVO EN MATERIA DE DERECHOS HUMANOS COPREDEH,GT-NIT-6027334,,,
288,1,1,1,FUNDACIÓN ALDO CASTAÑEDA,GT-NIT-16677390,,,
289,1,1,1,"MUNICIPALIDAD DE CANILLA, QUICHÉ",GT-NIT-6751512,,,
290,1,1,1,"MUNICIPALIDAD DE GUALAN, ZACAPA",GT-NIT-6336051,,,
291,1,1,1,"MUNICIPALIDAD DE CAHABON, ALTA VERAPAZ",GT-NIT-5405408,,,
292,1,1,1,"MUNICIPALIDAD DE OSTUNCALCO, QUETZALTENANGO",GT-NIT-6558313,,,
293,1,1,1,"MUNICIPALIDAD DE SAN MARCOS LA LAGUNA, SOLOLÁ",GT-NIT-6857108,,,
294,1,1,1,FONDO DE TIERRAS,GT-NIT-22953213,,,
295,1,1,1,"MUNICIPALIDAD DE GÉNOVA, QUETZALTENANGO",GT-NIT-5461723,,,
296,1,1,1,"MUNICIPALIDAD DE NUEVO SAN CARLOS, RETALHULEU",GT-NIT-6204775,,,
297,1,1,1,"MUNICIPALIDAD DE TUCURU, ALTA VERAPAZ",GT-NIT-6181112,,,
298,1,1,1,"MUNICIPALIDAD DE LA REFORMA, SAN MARCOS",GT-NIT-6181325,,,
299,1,1,1,"MUNICIPALIDAD DE SAN JOSÉ DEL GOLFO, GUATEMALA",GT-NIT-6603939,,,
300,1,1,1,"MUNICIPALIDAD DE SANTA CRUZ BALANYA, CHIMALTENANGO",GT-NIT-5158095,,,
301,1,1,1,"MUNICIPALIDAD DE ESTANZUELA, ZACAPA",GT-NIT-614263K,,,
302,1,1,1,"MUNICIPALIDAD DE EL QUETZAL, SAN MARCOS",GT-NIT-6205445,,,
303,1,1,1,"MUNICIPALIDAD DE SAN JUAN ATITAN, HUEHUETENANGO",GT-NIT-5986583,,,
304,1,1,1,"MUNICIPALIDAD DE GRANADOS, BAJA VERAPAZ",GT-NIT-6442617,,,
305,1,1,1,"MUNICIPALIDAD DE IXCHIGUAN, SAN MARCOS",GT-NIT-624744K,,,
306,1,1,1,INST PARA LA INVEST CIENT Y LA EDUC ACERCA DE LAS ENFERM GEN Y METAB HUM ROZAS BOTRAN ONG,GT-NIT-79408974,,,
307,1,1,1,"MUNICIPALIDAD DE CONCEPCIÓN, SOLOLÁ",GT-NIT-6793371,,,
308,1,1,1,FEDERACION NAC.DE TENIS DE MESA DE GUATEMALA C.D.A.G.,GT-NIT-6666361,,,
309,1,1,1,FEDERACION NACIONAL DE AJEDREZ DE GUATEMALA,GT-NIT-6666159,,,
310,1,1,1,"MUNICIPALIDAD DE SAN MARTÍN ZAPOTITLÁN, RETALHULEU",GT-NIT-6247784,,,
311,1,1,1,"MUNICIPALIDAD DE MAZATENANGO, SUCHITEPÉQUEZ",GT-NIT-6451721,,,
312,1,1,1,"MUNICIPALIDAD DE SAN JOSÉ OJETENAM, SAN MARCOS",GT-NIT-6702155,,,
313,1,1,1,CONSEJO NACIONAL PARA LA ATENCION DE LAS PERSONAS CON DISCAPACIDAD,GT-NIT-48726966,,,
314,1,1,1,FEDERACION NACIONAL DE TIRO,GT-NIT-6153968,,,
315,1,1,1,"MUNICIPALIDAD DE QUEZADA, JUTIAPA",GT-NIT-6608574,,,
316,1,1,1,"MUNICIPALIDAD DE ESCUINTLA, ESCUINTLA",GT-NIT-4144139,,,
317,1,1,1,"MUNICIPALIDAD DE BARILLAS, HUEHUETENANGO",GT-NIT-6621910,,,
318,1,1,1,ASOCIACION DE PEQUEÑOS Y MEDIANOS PRODUCTORES AGRICOLAS DE ORIENTE,GT-NIT-44910274,,,
319,1,1,1,"MUNICIPALIDAD DE TAXISCO, SANTA ROSA",GT-NIT-6181252,,,
320,1,1,1,"MUNICIPALIDAD DE LIVINGSTON, IZABAL",GT-NIT-6725805,,,
321,1,1,1,"MUNICIPALIDAD DE SANSARE, EL PROGRESO",GT-NIT-6958540,,,
322,1,1,1,REGISTRO GENERAL DE LA PROPIEDAD,GT-NIT-7756437,,,
323,1,1,1,"MUNICIPALIDAD DE JALPATAGUA, JUTIAPA",GT-NIT-6315860,,,
324,1,1,1,COORDINADORA NACIONAL PARA LA REDUCCION DE DESASTRES,GT-NIT-4293347,,,
325,1,1,1,"MUNICIPALIDAD DE SANTA APOLONIA, CHIMALTENANGO",GT-NIT-6180949,,,
326,1,1,1,"MUNICIPALIDAD DE SAN JOSÉ PINULA, GUATEMALA",GT-NIT-6539564,,,
327,1,1,1,GUARDIA PRESIDENCIAL GP,GT-NIT-12375691,,,
328,1,1,1,"MUNICIPALIDAD DE GUANAGAZAPA, ESCUINTLA",GT-NIT-4250818,,,
329,1,1,1,"MUNICIPALIDAD DE SAN MIGUEL SIGUILA, QUETZALTENANGO",GT-NIT-6842704,,,
330,1,1,1,"MUNICIPALIDAD DE SAN BENITO, PETÉN",GT-NIT-6588921,,,
331,1,1,1,"MUNICIPALIDAD DE TACANÁ, SAN MARCOS",GT-NIT-6596037,,,
332,1,1,1,"MUNICIPALIDAD DE ACATENANGO, CHIMALTENANGO",GT-NIT-3446255,,,
333,1,1,1,FEDERACION NACIONAL DE MOTOCICLISMO,GT-NIT-6702856,,,
334,1,1,1,"MUNICIPALIDAD DE SANTA LUCIA COTZUMALGUAPA, ESCUINTLA",GT-NIT-4250702,,,
335,1,1,1,SECRETARÍA DE INTELIGENCIA ESTRATÉGICA DEL ESTADO,GT-NIT-12343056,,,
336,1,1,1,"MUNICIPALIDAD DE COLOMBA, QUETZALTENANGO",GT-NIT-6578527,,,
337,1,1,1,"MUNICIPALIDAD DE SAN PEDRO LA LAGUNA, SOLOLÁ",GT-NIT-6566405,,,
338,1,1,1,"MUNICIPALIDAD DE SACAPULAS, QUICHÉ",GT-NIT-6792170,,,
339,1,1,1,"MUNICIPALIDAD DE EL TEJAR, CHIMALTENANGO",GT-NIT-5339847,,,
340,1,1,1,COMITÉ PERMANENTE DE EXPOSICIONES -COPEREX-,GT-NIT-2331489,,,
341,1,1,1,"MUNICIPALIDAD DE SAN JOSÉ POAQUIL, CHIMALTENANGO",GT-NIT-626297K,,,
342,1,1,1,"MUNICIPALIDAD DE SAN ANTONIO ILOTENENGO, QUICHÉ",GT-NIT-6757510,,,
343,1,1,1,ASOCIACION DE SURF DEL DEPARTAMENTO DE GUATEMALA ASOSURF,GT-NIT-11977191,,,
344,1,1,1,"MUNICIPALIDAD DE CONGUACO, JUTIAPA",GT-NIT-6611451,,,
345,1,1,1,"EMPRESA ELECTRICA MUNICIPAL DE JOYABAJ, EL QUICHÉ",GT-NIT-66010748,,,
346,1,1,1,INSPECCIÓN GENERAL DE COOPERATIVAS -INGECOP-,GT-NIT-3724573,,,
347,1,1,1,"MUNICIPALIDAD DE SAN SEBASTIAN, RETALHULEU",GT-NIT-6452191,,,
348,1,1,1,"MUNICIPALIDAD DE SAN LORENZO, SAN MARCOS",GT-NIT-4237307,,,
349,1,1,1,"MUNICIPALIDAD DE CHICACAO, SUCHITEPÉQUEZ",GT-NIT-6605273,,,
350,1,1,1,PLAN DE PRESTACIONES DE LOS TRABAJADORES DE LA EMPRESA PORTUARIA NACIONAL SANTO TOMAS DE CASTILLA,GT-NIT-6512054,,,
351,1,1,1,"MUNICIPALIDAD DE ZARAGOZA, CHIMALTENANGO",GT-NIT-6205097,,,
352,1,1,1,"MUNICIPALIDAD DE OCOS, SAN MARCOS",GT-NIT-6261248,,,
353,1,1,1,"MUNICIPALIDAD DE SAN GABRIEL, SUCHITEPÉQUEZ",GT-NIT-6434258,,,
354,1,1,1,"MUNICIPALIDAD DE SAN JACINTO, CHIQUIMULA",GT-NIT-4423933,,,
355,1,1,1,"MUNICIPALIDAD DE SENAHU, ALTA VERAPAZ",GT-NIT-6633757,,,
356,1,1,1,"MUNICIPALIDAD DE CONCEPCIÓN, HUEHUETENANGO",GT-NIT-5986699,,,
357,1,1,1,ASOCIACION DE DESARROLLO INTEGRAL APICOLA DEL NORTE Q'AN US -ASODIAN-,GT-NIT-69404321,,,
358,1,1,1,"MUNICIPALIDAD DE EL PALMAR, QUETZALTENANGO",GT-NIT-6262058,,,
359,1,1,1,FEDERACION DEPORTIVA NACIONAL DE TRIATLON,GT-NIT-24941689,,,
360,1,1,1,EMPRESA MUNICIPAL DE TRANSPORTE DE LA CIUDAD DE GUATEMALA,GT-NIT-25907026,,,
361,1,1,1,"MUNICIPALIDAD DE MAGDALENA MILPAS ALTAS, SACATEPÉQUEZ",GT-NIT-6248004,,,
362,1,1,1,"MUNICIPALIDAD DE SAN RAFAEL LA INDEPENDENCIA, HUEHUETENANGO",GT-NIT-4251385,,,
363,1,1,1,"MUNICIPALIDAD DE NUEVA CONCEPCIÓN, ESCUINTLA",GT-NIT-4389697,,,
364,1,1,1,"MUNICIPALIDAD DE SANTA CATARINA PALOPÓ, SOLOLÁ",GT-NIT-6863159,,,
365,1,1,1,"MUNICIPALIDAD DE SANTA CRUZ NARANJO, SANTA ROSA",GT-NIT-6539351,,,
366,1,1,1,"MUNICIPALIDAD DE SUMPANGO, SACATEPÉQUEZ",GT-NIT-6195539,,,
367,1,1,1,"MUNICIPALIDAD DE EL CHAL, PETEN",GT-NIT-86294938,,,
368,1,1,1,"MUNICIPALIDAD DE POPTUN, PETÉN",GT-NIT-6653766,,,
369,1,1,1,ASOCIACIÓN HUMANA ONG,GT-NIT-72509708,,,
370,1,1,1,"MUNICIPALIDAD DE SIQUINALA, ESCUINTLA",GT-NIT-4144082,,,
371,1,1,1,"MUNICIPALIDAD DE TECPAN GUATEMALA, CHIMALTENANGO",GT-NIT-2040522,,,
372,1,1,1,"MUNICIPALIDAD DE SANTO TOMAS CHICHICASTENANGO, QUICHÉ",GT-NIT-5264200,,,
373,1,1,1,"MUNICIPALIDAD DE CHIQUIMULA, CHIQUIMULA",GT-NIT-4423763,,,
374,1,1,1,"MUNICIPALIDAD DE SAN SEBASTIAN COATAN, HUEHUETENANGO",GT-NIT-6985963,,,
375,1,1,1,"MUNICIPALIDAD DE SANTIAGO SACATEPEQUEZ, SACATEPÉQUEZ",GT-NIT-6252087,,,
376,1,1,1,"MUNICIPALIDAD DE JACALTENANGO, HUEHUETENANGO",GT-NIT-5992885,,,
377,1,1,1,"MUNICIPALIDAD DE SAN ANTONIO PALOPO, SOLOLÁ",GT-NIT-6708722,,,
378,1,1,1,"MUNICIPALIDAD DE LA UNIÓN, ZACAPA",GT-NIT-6264824,,,
379,1,1,1,"MUNICIPALIDAD DE EL CHOL, BAJA VERAPAZ",GT-NIT-6442722,,,
380,1,1,1,"MUNICIPALIDAD DE SAN CRISTÓBAL ACASAGUASTLÁN, EL PROGRESO",GT-NIT-6775438,,,
381,1,1,1,ASOCIACIÓN HOSPICIO DE SAN JOSÉ,GT-NIT-7573286,,,
382,1,1,1,"MUNICIPALIDAD DE NAHUALA, SOLOLÁ",GT-NIT-5482208,,,
383,1,1,1,"MUNICIPALIDAD DE SANTA EULALIA, HUEHUETENANGO",GT-NIT-5986214,,,
384,1,1,1,"MUNICIPALIDAD DE SAN PABLO JOCOPILAS, SUCHITEPÉQUEZ",GT-NIT-4976339,,,
385,1,1,1,"MUNICIPALIDAD DE ZAPOTITLAN, JUTIAPA",GT-NIT-6506658,,,
386,1,1,1,"MUNICIPALIDAD DE GUASTATOYA, EL PROGRESO",GT-NIT-6206107,,,
387,1,1,1,"MUNICIPALIDAD DE NENTON, HUEHUETENANGO",GT-NIT-5986478,,,
388,1,1,1,"MUNICIPALIDAD DE GUAZACAPAN, SANTA ROSA",GT-NIT-6264727,,,
389,1,1,1,"MUNICIPALIDAD DE TECULUTAN, ZACAPA",GT-NIT-6217583,,,
390,1,1,1,"MUNICIPALIDAD DE PANZOS, ALTA VERAPAZ",GT-NIT-4128834,,,
391,1,1,1,"MUNICIPALIDAD DE CHAJUL, QUICHÉ",GT-NIT-6895069,,,
392,1,1,1,"MUNICIPALIDAD DE EL ADELANTO, JUTIAPA",GT-NIT-6506720,,,
393,1,1,1,"MUNICIPALIDAD DE SAN LUCAS TOLIMAN, SOLOLÁ",GT-NIT-5355923,,,
394,1,1,1,"MUNICIPALIDAD DE SAN ANDRÉS SEMETABAJ, SOLOLÁ",GT-NIT-6248527,,,
395,1,1,1,"MUNICIPALIDAD DE ESQUIPULAS PALO GORDO, SAN MARCOS",GT-NIT-6316107,,,
396,1,1,1,"MUNICIPALIDAD DE HUITAN, QUETZALTENANGO",GT-NIT-6247911,,,
397,1,1,1,"MUNICIPALIDAD DE ALMOLONGA, QUETZALTENANGO",GT-NIT-3169006,,,
398,1,1,1,EMPRESA ELÉCTRICA MUNICIPAL DE JALAPA,GT-NIT-2283050,,,
399,1,1,1,"""ASOCIACION DE CAFETALEROS INTEGRADA""",GT-NIT-104927496,,,
400,1,1,1,"MUNICIPALIDAD DE CHIQUIMULILLA, SANTA ROSA",GT-NIT-6247520,,,
401,1,1,1,FUNDACIÓN PRO-BIENESTAR DEL MINUSVALIDO -FUNDABIEM-,GT-NIT-5438861,,,
402,1,1,1,"MUNICIPALIDAD DE SANTA ANA HUISTA, HUEHUETENANGO",GT-NIT-5986508,,,
403,1,1,1,"MUNICIPALIDAD DE CUNEN, QUICHÉ",GT-NIT-6780326,,,
404,1,1,1,"MUNICIPALIDAD DE CHAHAL, ALTA VERAPAZ",GT-NIT-6494714,,,
405,1,1,1,EMPRESA GUATEMALTECA DE TELECOMUNICACIONES -GUATEL-,GT-NIT-2352567,,,
406,1,1,1,MUNICIPALIDAD DE LA BLANCA,GT-NIT-86349643,,,
407,1,1,1,"MUNICIPALIDAD DE SANTO TOMAS LA UNIÓN, SUCHITEPÉQUEZ",GT-NIT-6466923,,,
408,1,1,1,PROGRAMA DE LAS NACIONES UNIDAS PARA EL DESARROLLO (PNUD),GT-NIT-3125831,,,
409,1,1,1,"MUNICIPALIDAD DE TEJUTLA, SAN MARCOS",GT-NIT-4470311,,,
410,1,1,1,"MUNICIPALIDAD DE OLOPA, CHIQUIMULA",GT-NIT-6617603,,,
411,1,1,1,"MUNICIPALIDAD DE SAN PEDRO JOCOPILAS, QUICHÉ",GT-NIT-6945554,,,
412,1,1,1,"MUNICIPALIDAD DE PATZICIA, CHIMALTENANGO",GT-NIT-6180868,,,
413,1,1,1,"MUNICIPALIDAD DE SAN JOSÉ, PETÉN",GT-NIT-6800246,,,
414,1,1,1,"MUNICIPALIDAD DE TECTITAN, HUEHUETENANGO",GT-NIT-6374093,,,
415,1,1,1,"MUNICIPALIDAD DE SANTO DOMINGO XENACOJ, SACATEPÉQUEZ",GT-NIT-6204910,,,
416,1,1,1,"MUNICIPALIDAD DE SANTA CRUZ LA LAGUNA, SOLOLÁ",GT-NIT-6738931,,,
417,1,1,1,"MUNICIPALIDAD DE PURULHA, BAJA VERAPAZ",GT-NIT-6295355,,,
418,1,1,1,"MUNICIPALIDAD DE SAN FRANCISCO EL ALTO, TOTONICAPÁN",GT-NIT-6771505,,,
419,1,1,1,"MUNICIPALIDAD DE ZACUALPA, QUICHÉ",GT-NIT-690016K,,,
420,1,1,1,"MUNICIPALIDAD DE MATAQUESCUINTLA, JALAPA",GT-NIT-3208079,,,
421,1,1,1,"MUNICIPALIDAD DE SIPACAPA, SAN MARCOS",GT-NIT-6683339,,,
422,1,1,1,"MUNICIPALIDAD DE LA LIBERTAD, HUEHUETENANGO",GT-NIT-4251393,,,
423,1,1,1,"MUNICIPALIDAD DE SAN ANDRÉS XECUL, TOTONICAPÁN",GT-NIT-6771653,,,
424,1,1,1,FEDERACION NACIONAL DE GIMNASIA.,GT-NIT-6180566,,,
425,1,1,1,MUNICIPALIDAD DE LAS CRUCES-PETÉN,GT-NIT-77006402,,,
426,1,1,1,"MUNICIPALIDAD DE CABAÑAS, ZACAPA",GT-NIT-5518032,,,
427,1,1,1,ASOCIACION NACIONAL DE NAVEGACION A VELA DE GUATEMALA,GT-NIT-6157424,,,
428,1,1,1,"MUNICIPALIDAD DE CABRICAN, QUETZALTENANGO",GT-NIT-6897916,,,
429,1,1,1,ASOCIACION DEPORTIVA NACIONAL DE TIRO CON ARMAS DE CAZA,GT-NIT-6160522,,,
430,1,1,1,FEDERACION NACIONAL DE CICLISMO DE GUATEMALA,GT-NIT-4417089,,,
431,1,1,1,FUNDACIÓN GUATEMALTECA DE TRASPLANTE HEPATICO,GT-NIT-91911575,,,
432,1,1,1,"MUNICIPALIDAD DE JOCOTENANGO, SACATEPÉQUEZ",GT-NIT-6262708,,,
433,1,1,1,"MUNICIPALIDAD DE SAN FRANCISCO, PETÉN",GT-NIT-6939945,,,
434,1,1,1,"MUNICIPALIDAD DE CHINIQUE, QUICHÉ",GT-NIT-6794815,,,
435,1,1,1,EMPRESA CAMPESINA ASOCIATIVA E.C.A. MONTE CARMELO,GT-NIT-88055922,,,
436,1,1,1,"MUNICIPALIDAD DE SANTA CRUZ MULUA, RETALHULEU",GT-NIT-6265057,,,
437,1,1,1,ASOCIACION GUATEMALTECA DE HISTORIA NATURAL,GT-NIT-6355072,,,
438,1,1,1,"MUNICIPALIDAD DE SAN RAYMUNDO, GUATEMALA",GT-NIT-4630963,,,
439,1,1,1,"MUNICIPALIDAD DE SAN FELIPE, RETALHULEU",GT-NIT-6642829,,,
440,1,1,1,"MUNICIPALIDAD DE LANQUIN, ALTA VERAPAZ",GT-NIT-6774083,,,
441,1,1,1,"OFICINA NACIONAL DE PREVENCIÓN DE LA TORTURA Y OTROS TRATOS O PENAS CRUELES,INHUMANOS O DEGRADANTES",GT-NIT-86397001,,,
442,1,1,1,"MUNICIPALIDAD DE CAMOTAN, CHIQUIMULA",GT-NIT-6617565,,,
443,1,1,1,"MUNICIPALIDAD DE SAN AGUSTÍN ACASAGUASTLÁN, EL PROGRESO",GT-NIT-6702554,,,
444,1,1,1,FEDERACION NACIONAL DE TAEKWON-DO,GT-NIT-6124127,,,
445,1,1,1,"MUNICIPALIDAD DE SAN LUIS, PETÉN",GT-NIT-6702791,,,
446,1,1,1,"MUNICIPALIDAD DE NEBAJ, QUICHÉ",GT-NIT-6768091,,,
447,1,1,1,OFICINA DE SERVICIOS PARA PROYECTOS DE LAS NACIONES UNIDAS -UNOPS-,GT-NIT-11846135,,,
448,1,1,1,"MUNICIPALIDAD DE POCHUTA, CHIMALTENANGO",GT-NIT-2649829,,,
449,1,1,1,"MUNICIPALIDAD DE SANTA LUCIA LA REFORMA, TOTONICAPÁN",GT-NIT-6738729,,,
450,1,1,1,"MUNICIPALIDAD DE SAN GASPAR IXCHIL, HUEHUETENANGO",GT-NIT-5986451,,,
451,1,1,1,LIGA GUATEMALTECA CONTRA LAS ENFERMEDADES DEL CORAZON,GT-NIT-357146,,,
452,1,1,1,"MUNICIPALIDAD DE MALACATAN, SAN MARCOS",GT-NIT-4621689,,,
453,1,1,1,"MUNICIPALIDAD DE SAN LUIS JILOTEPEQUE, JALAPA",GT-NIT-6758320,,,
454,1,1,1,"MUNICIPALIDAD DE SANTA BARBARA, SUCHITEPÉQUEZ",GT-NIT-4995511,,,
455,1,1,1,"MUNICIPALIDAD DE SAN JERONIMO, BAJA VERAPAZ",GT-NIT-6295320,,,
456,1,1,1,ASOCIACION NACIONAL DE POLO DE GUATEMALA,GT-NIT-6718299,,,
457,1,1,1,"MUNICIPALIDAD DE PUEBLO NUEVO, SUCHITEPÉQUEZ",GT-NIT-6614639,,,
458,1,1,1,"MUNICIPALIDAD DE EL ESTOR, IZABAL",GT-NIT-6619967,,,
459,1,1,1,"MUNICIPALIDAD DE TAMAHU, ALTA VERAPAZ",GT-NIT-6248810,,,
460,1,1,1,ASOCIACION PRO DESARROLLO INTEGRAL CONSEJO MAM BANCHUINKLAL,GT-NIT-104882077,,,
461,1,1,1,"MUNICIPALIDAD DE SANTA MARÍA DE JESÚS, SACATEPÉQUEZ",GT-NIT-6180779,,,
462,1,1,1,"MUNICIPALIDAD DE COATEPEQUE, QUETZALTENANGO",GT-NIT-6251897,,,
463,1,1,1,"MUNICIPALIDAD DE SAN MATEO IXTATAN, HUEHUETENANGO",GT-NIT-4250982,,,
464,1,1,1,"MUNICIPALIDAD DE SANTIAGO ATITLAN, SOLOLÁ",GT-NIT-6746896,,,
465,1,1,1,"MUNICIPALIDAD DE PATZITE, QUICHÉ",GT-NIT-690999K,,,
466,1,1,1,COMISION PRESIDENCIAL CONTRA LA DISCRIMINACION Y EL RACISMO,GT-NIT-32990693,,,
467,1,1,1,"MUNICIPALIDAD DE RABINAL, BAJA VERAPAZ",GT-NIT-6590055,,,
468,1,1,1,ASOCIACION NACIONAL DE RAQUETBOL DE GUATEMALA,GT-NIT-30157102,,,
469,1,1,1,"MUNICIPALIDAD DE EL TUMBADOR, SAN MARCOS",GT-NIT-6658334,,,
470,1,1,1,ASOCIACIÓN NACIONAL DE BOMBEROS MUNICIPALES DEPARTAMENTALES,GT-NIT-45588120,,,
471,1,1,1,EMPRESA PORTUARIA NACIONAL DE CHAMPERICO,GT-NIT-2398346,,,
472,1,1,1,SECRETARÍA DE COORDINACIÓN EJECUTIVA DE LA PRESIDENCIA,GT-NIT-6881173,,,
473,1,1,1,"MUNICIPALIDAD DE SANTA CLARA LA LAGUNA, SOLOLÁ",GT-NIT-6556116,,,
474,1,1,1,ASOCIACION NACIONAL DE PENTATLON MODERNO DE GUATEMALA,GT-NIT-6775381,,,
475,1,1,1,"MUNICIPALIDAD DE SAN MIGUEL DUEÑAS, SACATEPÉQUEZ",GT-NIT-6232663,,,
476,1,1,1,ASOCIACIÓN DE DESARROLLO INTEGRAL DE MUNICIPALIDADES DEL ALTIPLANO MARQUENSE -ADIMAM-,GT-NIT-19709579,,,
477,1,1,1,"MUNICIPALIDAD DE SAN PEDRO AYAMPUC, GUATEMALA",GT-NIT-6134513,,,
478,1,1,1,COOPERATIVA INTEGRAL DE COMERCIALIZACION CARMELITA R.L.,GT-NIT-18113257,,,
479,1,1,1,"MUNICIPALIDAD DE CUYOTENANGO, SUCHITEPÉQUEZ",GT-NIT-4622294,,,
480,1,1,1,ASOCIACIÓN DE DESAROLLO CAMPESINA GUAXPOM -ADECAGUA-,GT-NIT-108240347,,,
481,1,1,1,"MUNICIPALIDAD DE SIBINAL, SAN MARCOS",GT-NIT-669876K,,,
482,1,1,1,"MUNICIPALIDAD DE PUERTO BARRIOS, IZABAL",GT-NIT-2399075,,,
483,1,1,1,"MUNICIPALIDAD DE LA DEMOCRACIA, HUEHUETENANGO",GT-NIT-5986281,,,
484,1,1,1,"ASOCIACION ""HERMANA TIERRA"" O.N.L.U.S.",GT-NIT-82064261,,,
485,1,1,1,"MUNICIPALIDAD DE SAN LORENZO, SUCHITEPÉQUEZ",GT-NIT-6562957,,,
486,1,1,1,ASOCIACION PARA EL FOMENTO SOCIOECONOMICO DE POBLACIONES VULNERABLES -GRUPO ENLACE-,GT-NIT-58092056,,,
487,1,1,1,"MUNICIPALIDAD DE ZUNILITO, SUCHITEPÉQUEZ",GT-NIT-4212193,,,
488,1,1,1,"MUNICIPALIDAD DE CUILCO, HUEHUETENANGO",GT-NIT-4251008,,,
489,1,1,1,FUNDACION DE ESPECIALIDADES MATERNO INFANTIL,GT-NIT-92662560,,,
490,1,1,1,"MUNICIPALIDAD DE SAN FRANCISCO ZAPOTITLÁN, SUCHITEPÉQUEZ",GT-NIT-4209664,,,
491,1,1,1,ASOCIACION DE LANQUINEROS UNIDOS PARA EL DESARROLLO COMUNITARIO,GT-NIT-57560781,,,
492,1,1,1,"MUNICIPALIDAD DE TACTIC, ALTA VERAPAZ",GT-NIT-4096886,,,
493,1,1,1,"MUNICIPALIDAD DE SAN JOSÉ CHACAYA, SOLOLÁ",GT-NIT-6595758,,,
494,1,1,1,"MUNICIPALIDAD DE SAN MIGUEL CHICAJ, BAJA VERAPAZ",GT-NIT-6507247,,,
495,1,1,1,"MUNICIPALIDAD DE COMAPA, JUTIAPA",GT-NIT-6796842,,,
496,1,1,1,MANCOMUNIDAD DE MUNICIPIOS METROPOLI DE LOS ALTOS,GT-NIT-42376068,,,
497,1,1,1,VICE-PRESIDENCIA DE LA REPÚBLICA,GT-NIT-3377784,,,
498,1,1,1,"MUNICIPALIDAD DE CONCEPCIÓN TUTUAPA, SAN MARCOS",GT-NIT-6200060,,,
499,1,1,1,"MUNICIPALIDAD DE SAN PEDRO YEPOCAPA, CHIMALTENANGO",GT-NIT-6185126,,,
500,1,1,1,"MUNICIPALIDAD DE SAN JOSÉ EL RODEO, SAN MARCOS",GT-NIT-6205771,,,
501,1,1,1,FEDERACION NAC DE NATACION CLAVADOS POLO ACUATICO NADO SINCRONIZADO,GT-NIT-6657672,,,
502,1,1,1,COMITE PRO-MEJORAMIENTO DEL CUERPO DE BOMBEROS MUNICIPALES,GT-NIT-38949768,,,
503,1,1,1,INSTITUTO DE CIENCIA Y TECNOLOGIA AGRÍCOLAS -ICTA-,GT-NIT-1723758,,,
504,1,1,1,COOPERATIVA INTEGRAL AGRICOLA LA NUEVA ERA RESPONSABILIDAD LIMITADA,GT-NIT-19621744,,,
505,1,1,1,COMISIÓN PRESIDENCIAL POR LA PAZ Y LOS DERECHOS HUMANOS,GT-NIT-108426300,,,
506,1,1,1,"MUNICIPALIDAD DE PANAJACHEL, SOLOLÁ",GT-NIT-6510744,,,
507,1,1,1,"MUNICIPALIDAD DE SAMAYAC, SUCHITEPÉQUEZ",GT-NIT-6316476,,,
508,1,1,1,"MUNICIPALIDAD DE SANTO DOMINGO SUCHITEPEQUEZ, SUCHITEPÉQUEZ",GT-NIT-4209508,,,
509,1,1,1,FEDERACION NACIONAL DE BALONCESTO,GT-NIT-6199836,,,
510,1,1,1,"MUNICIPALIDAD DE SAN VICENTE PACAYA, ESCUINTLA",GT-NIT-3621251,,,
511,1,1,1,"MUNICIPALIDAD DE SAN ANTONIO AGUASCALIENTES,  SACATEPÉQUEZ",GT-NIT-6247628,,,
512,1,1,1,"MUNICIPALIDAD DE SANTA BARBARA, HUEHUETENANGO",GT-NIT-6702201,,,
513,1,1,1,CONSEJO NACIONAL DE ATENCION AL MIGRANTE DE GUATEMALA,GT-NIT-62349309,,,
514,1,1,1,FEDERACION NACIONAL DE LUCHAS DE GUATEMALA,GT-NIT-6165494,,,
515,1,1,1,"MUNICIPALIDAD DE CAJOLA, QUETZALTENANGO",GT-NIT-6783783,,,
516,1,1,1,FEDERACION NACIONAL DE PATINAJE SOBRE RUEDAS DE GUATEMALA,GT-NIT-2668487K,,,
517,1,1,1,"CONSEJO NACIONAL DEL DEPORTE, LA EDUCACION FISICA Y LA RECREACION (CONADER)",GT-NIT-16156609,,,
518,1,1,1,FEDERACION NACIONAL DE ATLETISMO.,GT-NIT-5872340,,,
519,1,1,1,"MUNICIPALIDAD DE SANTA CRUZ VERAPAZ, ALTA VERAPAZ",GT-NIT-6539432,,,
520,1,1,1,COMITE PROTIERRA CIVIL DE DESARROLLO INTEGRAL EL SEMBRADOR DEL MPIO DE SAN PABLO DEPTO DE SAN MARCO,GT-NIT-90534417,,,
521,1,1,1,FUNDACIÓN DE ASIST. MÉDICA Y OCUPACIONAL PARA LA RECUPERACIÓN DEL ENFERMO RENAL -FUNDACIÓN DE AMOR-,GT-NIT-22677615,,,
522,1,1,1,INSTITUTO DE PREVISIÓN MILITAR -IPM-,GT-NIT-3441121,,,
523,1,1,1,"MUNICIPALIDAD DE AGUA BLANCA, JUTIAPA",GT-NIT-5493048,,,
524,1,1,1,"MUNICIPALIDAD DE SAN BERNARDINO, SUCHITEPÉQUEZ",GT-NIT-4211839,,,
525,1,1,1,"MUNICIPALIDAD DE SANTA MARÍA VISITACIÓN, SOLOLÁ",GT-NIT-6879543,,,
526,1,1,1,"ASOCIACION DE PRODUCTORES PARA EL DESARROLLO INTEGRAL ALDEA LA CAMPESINA, TAXISCO",GT-NIT-83177884,,,
527,1,1,1,ASOCIACION DE DESARROLLO INTEGRAL EL ESFUERZO SAN JUAN BAUTISTA,GT-NIT-91833493,,,
528,1,1,1,FEDERACION NACIONAL DE ANDINISMO.,GT-NIT-6698646,,,
529,1,1,1,"EMPRESA MUNICIPAL RURAL DE ELECTRICIDAD DE PLAYA GRANDE, IXCAN QUICHE",GT-NIT-19920040,,,
530,1,1,1,FEDERACION NACIONAL DE JUDO,GT-NIT-6672221,,,
531,1,1,1,FEDERACION NACIONAL DE LEVANTAMIENTO DE PESAS.,GT-NIT-6666299,,,
532,1,1,1,"MUNICIPALIDAD DE SAN SEBASTIAN HUEHUETENANGO, HUEHUETENANGO",GT-NIT-598629K,,,
533,1,1,1,ASOCIACION NACIONAL DE VUELO LIBRE DE GUATEMALA,GT-NIT-7104014,,,
534,1,1,1,"MUNICIPALIDAD DE MORALES, IZABAL",GT-NIT-4203437,,,
535,1,1,1,"MUNICIPALIDAD DE SAN CRISTÓBAL CUCHO, SAN MARCOS",GT-NIT-6609015,,,
536,1,1,1,FUNDACION CONGUATE,GT-NIT-104976748,,,
537,1,1,1,EMPRESA MUNICIPAL DE AGUA JALAPAGUA,GT-NIT-94812608,,,
538,1,1,1,FEDERACION NACIONAL DE VOLEIBOL,GT-NIT-6154565,,,
539,1,1,1,"MUNICIPALIDAD DE SAN JOSE EL ÍDOLO, SUCHITEPÉQUEZ",GT-NIT-6584896,,,
540,1,1,1,"MUNICIPALIDAD DE SAN PABLO LA LAGUNA, SOLOLÁ",GT-NIT-6810373,,,
541,1,1,1,"ASOCIACION CAMPESINA MAYA Q'EQCHI' LA LIBERTAD TINAJAS, PANZOS, ALTA VERAPAZ",GT-NIT-95254900,,,
542,1,1,1,"MUNICIPALIDAD DE RÍO BRAVO, SUCHITEPÉQUEZ",GT-NIT-6780156,,,
543,1,1,1,"ASOCIACION CIVIL NO LUCRATIVA AJ AWINEL, COMUNIDAD NUEVA JERUSALEN EL RODEO, PANZOS, ALTA VERAPAZ",GT-NIT-98768506,,,
544,1,1,1,CONSEJO NACIONAL PARA LA PROTECCIÓN DE LA ANTIGUA GUATEMALA -CNPAG-,GT-NIT-2010526,,,
545,1,1,1,"MUNICIPALIDAD DE EL JICARO, EL PROGRESO",GT-NIT-4195256,,,
546,1,1,1,ASOCIACION RED DE APICULTORES PARA EL DESARROLLO SOSTENIBLE DE SUROCCIDENTE,GT-NIT-92940595,,,
547,1,1,1,ASOCIACION CAMPESINA PRO TIERRAS MAYA MAM BRISAS DEL MAR,GT-NIT-104425725,,,
548,1,1,1,"COOPERATIVA INTEGRAL DE AHORRO Y CREDITO ""EL SENDERO"" RESPONSABILIDAD LIMITADA",GT-NIT-100764614,,,
549,1,1,1,"""ASOCIACIÓN CIVIL AGRÍCOLA LA COLORADA""",GT-NIT-108446573,,,
550,1,1,1,COMISIÓN PRESIDENCIAL DE GOBIERNO ABIERTO Y ELECTRÓNICO,GT-NIT-81039697,,,
551,1,1,1,ASOCIACION DE DESARROLLO COMUNITARIO RURAL,GT-NIT-92093930,,,
552,1,1,1,AGENCIA NACIONAL DE ALIANZAS PARA EL DESARROLLO DE INFRAESTRUCTURA ECONOMICA -ANADIE,GT-NIT-80337007,,,
553,1,1,1,ASOCIACION DEPORTIVA NACIONAL DE PARACAIDISMO,GT-NIT-9976167,,,
554,1,1,1,SECRETARÍA PRIVADA DE LA PRESIDENCIA,GT-NIT-3377865,,,
555,1,1,1,SECRETARÍA NACIONAL DE CIENCIA Y TECNOLOGÍA,GT-NIT-8415854,,,
556,1,1,1,ASOCIACION DE PRODUCTORES DE LECHE AGRICULTORES Y GANADEROS DE QUESADA,GT-NIT-57923965,,,
557,1,1,1,ASOCIACIÓN COMUNITARIA DE DESARROLLO INTEGRAL AGROPECUARIA REMIBE,GT-NIT-108456706,,,
558,1,1,1,"MUNICIPALIDAD DE CASILLAS, SANTA ROSA",GT-NIT-6605338,,,
559,1,1,1,CONSEJO ECONOMICO Y SOCIAL DE GUATEMALA,GT-NIT-80030254,,,
560,1,1,1,"MUNICIPALIDAD DE ZACAPA, ZACAPA",GT-NIT-6434347,,,
561,1,1,1,FUNDACIÓN GUATEMALTECO AMERICANA DE CIRUGIA ORTOPEDICA AVANZADA -FUNDAORTO-,GT-NIT-24128686,,,
562,1,1,1,SECRETARÍA EJECUTIVA DE LA COMISION CONTRA LAS ADICCIONES Y EL TRAFICO ILICITO DE DROGAS -SECCATID-,GT-NIT-7270178,,,
563,1,1,1,ASOCIACION PARA EL DESARROLLO INTEGRAL DE NORORIENTE -ADIN-,GT-NIT-33125090,,,
564,1,1,1,"MUNICIPALIDAD DE SAN ANTONIO LA PAZ, EL PROGRESO",GT-NIT-6879527,,,
565,1,1,1,"COOPERATIVA INTEGRAL AGRICOLA SERITQUICHE, RESPONSABILIDAD LIMITADA",GT-NIT-4096770,,,
566,1,1,1,COMISION PRESIDENCIAL DE DIALOGO,GT-NIT-94970564,,,
567,1,1,1,"ASOCIACIÓN COMUNITARIA DE DESARROLLO INTEGRAL ""CAMINOS EN VICTORIA""",GT-NIT-106138960,,,
568,1,1,1,ASOCIACIÓN DE MUJERES AGRÍCOLAS SANTA MARTA PARA EL DESARROLLO DE SAN SEBASTIÁN RETALHULEU,GT-NIT-102093830,,,
569,1,1,1,COOPERATIVA INTEGRAL AGRICOLA CANALEÑA GRANO DE ORO R. L.,GT-NIT-66432227,,,
570,1,1,1,ASOCIACION DEPORTIVA NACIONAL DE BILLAR DE GUATEMALA,GT-NIT-44080239,,,
571,1,1,1,"MUNICIPALIDAD DE SAN DIEGO, ZACAPA",GT-NIT-6317286,,,
572,1,1,1,ASOCIACION DE PRODUCTORES ORGANICOS PARA EL DESARROLLO INTEGRAL DEL POLOCHIC -APODIP-,GT-NIT-35641274,,,
573,1,1,1,EMPRESA PARA LA VIVIENDA DEL MUNICIPIO DE SANTA CATARINA PINULA,GT-NIT-108386929,,,
574,1,1,1,ASOCIACION NACIONAL DE SQUASH,GT-NIT-16848802,,,
575,1,1,1,"""ASOCIACIÓN CIVIL DE DESARROLLO INTEGRAL, MOVIMIENTO DE AGRICULTORES Y ALIADOS DEL KAKAW, KARDAMOMO Y KAFÉ, MULTIPRODUCTOS Y SERVICIOS"".",GT-NIT-106651498,,,
576,1,1,1,"""ASOCIACIÓN AGRÍCOLA DE DESARROLLO MONTE VERDE""",GT-NIT-110558235,,,
577,1,1,1,"COOPERATIVA INTEGRAL AGRICOLA ""EL VOLCANCILLO"", RESPONSABILIDAD LIMITADA.",GT-NIT-85787337,,,
578,1,1,1,EMPRESA FERROCARRILES DE GUATEMALA  -FEGUA-,GT-NIT-3441091,,,
579,1,1,1,FUNDACION DEFENSORES DE LA NATURALEZA,GT-NIT-559877K,,,
580,1,1,1,"MUNICIPALIDAD DE SAN MIGUEL PANAN, SUCHITEPÉQUEZ",GT-NIT-1758543,,,
581,1,1,1,"MUNICIPALIDAD DE LA DEMOCRACIA, ESCUINTLA",GT-NIT-4143957,,,
582,1,1,1,ASOCIACION DEPORTIVA NACIONAL DE HOCKEY DE GUATEMALA,GT-NIT-77932986,,,
583,1,1,1,"FEDERACION DE COOPERATIVAS DE LAS VERAPACES -FEDECOVERA, R.L-",GT-NIT-2965437,,,
584,1,1,1,EMPRESA ELÉCTRICA MUNICIPAL YULXAK,GT-NIT-109909070,,,
585,1,1,1,FUNDACION NACIONAL PARA EL DESARROLLO SOCIAL,GT-NIT-23395958,,,
586,1,1,1,ASOCIACION NACIONAL DE PESCA DEPORTIVA,GT-NIT-31486797,,,
587,1,1,1,FUNDACION SONRISAS QUE ESCUCHAN,GT-NIT-67561845,,,
588,1,1,1,ASOCIACION DE MADRES ORGANIZADAS PARA LA REABILITACION,GT-NIT-71199365,,,
589,1,1,1,"COOPERATIVA INTEGRAL AGRICOLA ""FLOR DEL CAFE NOJOYA""",GT-NIT-102915970,,,
590,1,1,1,"FUNDACION GUATEMALTECA PARA LINFEDEMA ""MANOS AMIGAS""",GT-NIT-83681809,,,
591,1,1,1,FEDERACION NACIONAL DE BALONMANO.,GT-NIT-6688195,,,
592,1,1,1,"UNIDAD EJECUTORA TEMPORAL PARA LA LIQUIDACIÓN DE LAS EXTINTAS SAA, SEPAZ Y COPREDEH.",GT-NIT-113632851,,,
593,1,1,1,"CASA COMAL, ARTE Y CULTURA ASOCIACION CIVIL",GT-NIT-41567250,,,
594,1,1,1,ASOCIACIÓN COMUNITARIA PARA EL DESARROLLO INTEGRAL DE TAXISCO,GT-NIT-106242709,,,
595,1,1,1,FIDEICOMISO NACIONAL DE BECAS Y CREDITO EDUCATIVO FINABECE,GT-NIT-25571648,,,
596,1,1,1,"RED SOCIAL DE LA UNION, ZACAPA",GT-NIT-62010085,,,
597,1,1,1,COOPERATIVA INTEGRAL AGROPECUARIA TECNICA PETEN,GT-NIT-7891148,,,
598,1,1,1,"""ASOCIACION DE DESARROLLO INTEGRAL EL RECUERDO DOS PANZOS, ALTA VERAPAZ""",GT-NIT-115387757,,,
599,1,1,1,FUNDACION FE Y ALEGRIA,GT-NIT-12038989,,,
600,1,1,1,"COOPERATIVA INTEGRAL DE PRODUCCION ""KAYROS"", RESPONSABILIDAD LIMITAD",GT-NIT-80856756,,,
601,1,1,1,"COOPERATIVA INTEGRAL DE COMERCIALIZACION ""MUJERES DE OCCIDENTE"" RESPONSABILIDAD LIMITADA""",GT-NIT-92407919,,,
602,1,1,1,"COOPERATIVA INTEGRAL DE AHORRO Y CRÉDITO SOLUCIONE, RESPONSABILIDAD LIMITADA",GT-NIT-108294676,,,
603,1,1,1,"COOPERATIVA INTEGRAL AGRICOLA RUINAS MAYAS CHIJOLOM, RESPONSABILIDAD LIMITADA",GT-NIT-15263401,,,
604,1,1,1,ASOCIACION GREMIAL DE EDITORES DE GUATEMALA,GT-NIT-96556188,,,
605,1,1,1,"ASOCIACION DE DESARROLLO AJ AWINELEB' RE' TZUUL TAQ'A, SAN PEDRO CARCHA",GT-NIT-79530214,,,
606,1,1,1,ASOCIACIÓN AGROPECUARIA DE DESARROLLO INTEGRAL SANTA CRUZ,GT-NIT-114280746,,,
607,1,1,1,COOPERATIVA AGRICOLA INTEGRAL UNION HUISTA. R.L.,GT-NIT-18061435,,,
608,1,1,1,ASOCIACION PARA EL DESARROLLO INTEGRAL DE LAS FAMILIAS ALDEA SAN JOSE SAN PEDRO PINULA JALAPA,GT-NIT-79367151,,,
609,1,1,1,ASOCIACION GLORIA POR CENIZAS,GT-NIT-57560439,,,
610,1,1,1,ASOCIACION NACIONAL DE SORDOS DE GUATEMALA,GT-NIT-40204553,,,
611,1,1,1,ASOCIACION DE AGRICULTORES DEL SUR EBEN EZER,GT-NIT-113513925,,,
612,1,1,1,MUJERES TRANSFORMANDO EL MUNDO,GT-NIT-63321440,,,
613,1,1,1,FEDERACION NACIONAL DE KARATE-DO,GT-NIT-6857191,,,
614,1,1,1,ASOCIACION GRUPO GUATEMALTECO DE MUJERES -GGM-,GT-NIT-33419124,,,
615,1,1,1,ASOCIACIÓN NUEVO AMANECER PARA EL DESARROLLO DE LAS VERAPACES,GT-NIT-112146783,,,
616,1,1,1,ASOCIACION DE AGRICULTORES PATZICIENSE,GT-NIT-33319499,,,
617,1,1,1,ASOCIACIÓN CIVIL DE PRODUCTORES DE CAFÉ MIGUELENSES,GT-NIT-116017511,,,
618,1,1,1,ASOCIACION AGRICOLA CAMPESINA SANTA TERESA,GT-NIT-35801484,,,
619,1,1,1,PATRONATO PRO-SALUD DEL HOSPITAL HILARIO GALINDO,GT-NIT-3517756,,,
620,1,1,1,"COOPERATIVA INTEGRAL AGRICOLA ENTRE LAGUNAS YALICAR, RESPONSABILIDAD LIMITADA",GT-NIT-28101278,,,
621,1,1,1,COOPERATIVA INTEGRAL DE COMERCIALIZACION FLOR DE MORA RESPONSABILIDAD LIMITADA,GT-NIT-66012996,,,
622,1,1,1,"EMPRESA ELECTRICA MUNICIPAL, SAN PEDRO PINULA, JALAPA",GT-NIT-112388302,,,
623,1,1,1,ASOCIACIÓN CENTRO DON BOSCO,GT-NIT-34265279,,,
624,1,1,1,ASOCIACION CULTURAL MISIONERAS SOMASCAS HIJAS DE SN JERONIMO EMILIANI,GT-NIT-6945503,,,
625,1,1,1,"COOPERATIVA AGRICOLA DE SERVICIOS VARIOS ""GUALAN"" RESPONSABILIDAD LIMITADA",GT-NIT-4251113,,,
626,1,1,1,ASOCIACIÓN DE DESARROLLO INTEGRAL AGROPECUARIO Y AGROFORESTAL POMBAAQ,GT-NIT-111562236,,,
627,1,1,1,"""ASOCIACIÓN GUATEMALA EN PAZ",GT-NIT-117759031,,,
628,1,1,1,FUNDACION PARA EL DESARROLLO INTEGRAL DEL HOMBRE Y SU ENTORNO -CALMECAC-,GT-NIT-32169817,,,
629,1,1,1,SECRETARÍA DE ASUNTOS AGRARIOS DE LA PRESIDENCIA DE LA REPÚBLICA,GT-NIT-29514746,,,
630,1,1,1,CORPORACIÓN FINANCIERA NACIONAL  -CORFINA-,GT-NIT-2329875,,,
631,1,1,1,ASOCIACION DE JUSTICIA DE ALTA VERAPAZ,GT-NIT-37343459,,,
632,1,1,1,EMPRESA CAMPESINA ASOCIATIVA E.C.A. TOJ SUJ,GT-NIT-87594676,,,
633,1,1,1,"""ASOCIACIÓN CIVIL LAS PROMESAS@SANCHEZ""",GT-NIT-108649407,,,
634,1,1,1,"""ASOCIACIÓN DE PRODUCTORES ORGANICOS""",GT-NIT-116668741,,,
635,1,1,1,ASOCIACION NACIONAL DE PRODUCTORES DE FRUTALES DECIDUOS (ANAPDE),GT-NIT-9527737,,,
636,1,1,1,"""ASOCIACION SAN JOSE EB LI OKEB AAL""",GT-NIT-117624071,,,
637,1,1,1,EMPRESA ELECTRICA MUNICIPAL DE GUASTATOYA,GT-NIT-4194810,,,
638,1,1,1,FEDERACION NACIONAL DE LEVANTAMIENTO DE POTENCIA.,GT-NIT-7246765,,,
639,1,1,1,COOPERATIVA INTEGRAL AGRICOLA DESAFIO DEL JUMAY RESPONSABILIDAD LIMITADA,GT-NIT-97378828,,,
640,1,1,1,ASOCIACION CULTURAL DE LAS RELIGIOSAS TERCIARIAS CAPUCHINAS DE LA SAGRADA FAMILIA,GT-NIT-5593638,,,
641,1,1,1,"""ASOCIACION GENERANDO, EQUIDAD, LIDERAZGO Y OPORTUNIDADES, ORGANIZACIÓN NO GUBERNAMENTAL (ONG)""",GT-NIT-71971580,,,
642,1,1,1,"ASOCIACION NUEVA VIDA, COBAN, ALTA VERAPAZ",GT-NIT-104803541,,,
643,1,1,1,"ASOCIACION FORESTAL DE YALANHB'OJOCH ""AWUM TE""",GT-NIT-34879188,,,
644,1,1,1,INSTITUTO DE EDUCACION BASICA POR COOPERATIVA,GT-NIT-15969312,,,
645,1,1,1,ASOCIACION ALOYSIUS,GT-NIT-8429049,,,
646,1,1,1,EMPRESA CAMPESINA ASOCIATIVA E.C.A. CAMPESINOS UNIDOS DEL NORTE,GT-NIT-27362647,,,
647,1,1,1,"MUNICIPALIDAD DE SAN PABLO JOCOPILAS, SUCHITEPÉQUEZ",GT-NIT-6566391,,,
648,1,1,1,MANCOMUNIDAD DE MUNICIPIOS DE LA CUENCA DEL RIO MOTAGUA,GT-NIT-120263521,,,
649,1,1,1,ASOCIACIÓN DE BENEFICIO SOCIAL INTEGRAL,GT-NIT-107562391,,,
650,1,1,1,ASOCIACION PARA EL DESARROLLO INTEGRAL DE LAS COMUNIDADES DE GUATEMALA -ASDICGUA-,GT-NIT-51384213,,,
651,1,1,1,"ASOCIACION SELVA DEL NORTE, -ASOSELNOR-",GT-NIT-37329820,,,
652,1,1,1,ASOCIACIÓN DE AGRICULTORES SANTA SOFÍA,GT-NIT-116411406,,,
653,1,1,1,FIDEICOMISO DE DESARROLLO URBANO,GT-NIT-120457792,,,
654,1,1,1,ASOCIACION COMUNIDAD ESPERANZA,GT-NIT-40645479,,,
655,1,1,1,"COOPERATIVA INTEGRAL AGRICOLA LAS CRUCES, RESPONSABILIDAD LIMITADA",GT-NIT-107991403,,,
656,1,1,1,ASOCIACION PARA EL DESARROLLO Y PROGRESO DE GUATEMALA --ASODESPRO--,GT-NIT-63430886,,,
657,1,1,1,ASOCIACION DE MUJERES EN ACCION SOLIDARIA,GT-NIT-57280436,,,
658,1,1,1,ASOCIACION PARA EL DESARROLLO INTEGRAL IXCHEL,GT-NIT-120455978,,,
659,1,1,1,ACADEMIA GUATEMALTECA DE ARTES Y CIENCIAS CINEMATOGRÁFICAS,GT-NIT-108040127,,,
660,1,1,1,ASOCIACIÓN MANOS AGROPECUARIAS PARA EL DESARROLLO -AMAD-,GT-NIT-75042118,,,
661,1,1,1,ASOCIACION DE DESARROLLO INTEGRAL TZANJUYUB',GT-NIT-85475025,,,
662,1,1,1,POR UNA VIDA DIGNA,GT-NIT-80588662,,,
663,1,1,1,FEDERACION COMERCIALIZADORA DE CAFE ESPECIAL DE GUATEMALA,GT-NIT-43947018,,,
664,1,1,1,ASOCIACION ZACAPANECA DE CONTADORES DE CUENTOS Y ANECDOTAS,GT-NIT-31407110,,,
665,1,1,1,ASOCIACION DE GANADEROS DE IZABAL,GT-NIT-37155423,,,
666,1,1,1,"LA ASOC. MIXTA LA VAQUITA, DE LA ALD. RECUERDO A BARRIOS, DEL MUNI. DE SAN CARLOS SIJA ""AMIVARABS""",GT-NIT-37756397,,,
667,1,1,1,ASOCIACION SAN JOSE LAS ISLAS,GT-NIT-38285916,,,
668,1,1,1,COOPERATIVA INTEGRAL AGRICOLA EL VOLCANCITO LAS CEBOLLAS RL,GT-NIT-19766599,,,
669,1,1,1,COOPERATIVA INTEGRAL DE COMERCIALIZACION DULCE NOMBRE DE MARIA RESPONSABILIDAD LIMITADA,GT-NIT-77033965,,,
670,1,1,1,COOPERATIVA INTEGRAL DE PRODUCCION GENERADORES DE DESARROLLO MARQUENSE RESPONSABILIDAD LIMITADA,GT-NIT-94572356,,,
671,1,1,1,ASOCIACION DE PRODUCTORES DE ALDEA CHITAPOL,GT-NIT-90340213,,,
672,1,1,1,ASOCIACION DEL PUEBLO INDIGENA PARA EL DESARROLLO INTEGRAL PRODUCTIVO DE LA ALDEA PINARES,GT-NIT-90292588,,,
673,1,1,1,MANCOMUNIDAD DE MUNICIPIOS DEL SUR OCCIDENTE DEL DEPARTAMENTO DE HUEHUETENANGO -MAMSOHUE-,GT-NIT-36866520,,,
674,1,1,1,"ASOCIACION ""JOVENES EN PRO DESARROLLO TZUNUNA""",GT-NIT-102648891,,,
675,1,1,1,COOPERATIVA INTEGRAL AGRÍCOLA SANTA ROSA SETAÑA R.L.,GT-NIT-15262308,,,
676,1,1,1,"ASOCIACION CAMPESINA PRO-TIERRA COLONIA 5 DE ABRIL , SANTA BARBARA SUCHITEPEQUEZ -ACAPROT-",GT-NIT-26522225,,,
677,1,1,1,ASOCIACION DE DESARROLLO INTEGRAL SANTA ROSARIO,GT-NIT-66596815,,,
678,1,1,1,EL REFUGIO DE LA NIÑEZ (ONG),GT-NIT-65919866,,,
679,1,1,1,ASOCIACION DE DESARROLLO INTEGRAL SAN JUAN COMALAPA,GT-NIT-46560777,,,
680,1,1,1,ASOCIACION K'AMALB'E,GT-NIT-76755894,,,
681,1,1,1,COMITE PRO-RESTAURACION DEL TEMPLO PARROQUIAL CON REC. DE FONDOS DE LA POBLACION DE CUBULCO DEPTO BV,GT-NIT-37305301,,,
682,1,1,1,COOPERATIVA INTEGRAL AGRICOLA PATZICIENSE RESPONSABIIDAD LIMITADA,GT-NIT-103383042,,,
683,1,1,1,"COOPERATIVA INTEGRAL AGRICOLA ""EL SEMBRADOR ECOLOGICO"", RESPONSABILIDAD LIMITADA",GT-NIT-71016465,,,
684,1,1,1,ASOCIACION INTEGRAL PRODUCTIVA,GT-NIT-101030398,,,
685,1,1,1,ASOCIACION INTEGRAL DE CRIADORES DE POLLO DE ENGORDE DE SAN CRISTOBAL ACASAGUASTLAN,GT-NIT-50118978,,,
686,1,1,1,EMPRESA CAMPESINA ASOCIATIVA ECA LA MORENITA,GT-NIT-68268041,,,
687,1,1,1,APORTE PARA LA DESCENTRALIZACION CULTURAL -ADESCA-,GT-NIT-12114308,,,
688,1,1,1,ASOCIACIÓN DE PEQUEÑOS AGRICULTORES DE SECACAO,GT-NIT-115679723,,,
689,1,1,1,COOPERATIVA INTEGRAL DE COMERCIALIZACION UNIDOS POR EL CAMBIO RESPONSABILIDAD LIMITADA,GT-NIT-93858582,,,
690,1,1,1,CONSEJO COMUNITARIO DE DESARROLLO CASERIO VISTA HERMOSA ALDEA YAMOJ MUNICIPIO DE CONCEPCION TUTUAPA,GT-NIT-98205145,,,
691,1,1,1,ASOCIACION DE PRODUCTORES DE CAFE DE CHICHUPAC,GT-NIT-68014422,,,
692,1,1,1,CONSEJO COMUNITARIO DE DESARROLLO COCODE CASERIO EL COHETERO CANTON SAN JOSE BUENA VISTA JUTIAPA,GT-NIT-85636126,,,
693,1,1,1,"""ASOC. DE DESARROLLO INTEGRAL COMUNITARIO DEL CASERIO AGUA TIBIA DE LA ALDEA SAN VICENTE BUENABAJ""",GT-NIT-29034612,,,
694,1,1,1,COMISION MOSCAMED,GT-NIT-2596547,,,
695,1,1,1,MISIONEROS DE SAN CARLOS SCALABRINIANOS,GT-NIT-22685774,,,
696,1,1,1,ASOCIACION GUATEMALTECA DE OLIMPIADAS ESPECIALES,GT-NIT-6028985,,,
697,1,1,1,ASOCIACION DE CARDAMOMEROS DEL NORTE DE GUATEMALA,GT-NIT-113107412,,,
698,1,1,1,"FIDEICOMISO DE APOYO AL DESARROLLO Y LA PLANIFICACIÓN URBANA DEL MUNICIPIO DE COBÁN, DEPARTAMENTO DE ALTA VERAPAZ",GT-NIT-112690351,,,
699,1,1,1,COOPERATIVA INTEGRAL AGRICOLA NUEVA ESPERANZA DE SANTIAGO RESPONSABILIDAD LIMITADA,GT-NIT-83453458,,,
700,1,1,1,"COOPERATIVA INTEGRAL DE CONSUMO ""MAQUINENSE"" RESPONSABILIDAD LIMITADA",GT-NIT-98216015,,,
701,1,1,1,"ASOCIACION AGRICOLA MAYA Q'EQCHI' JOLOM HUCH, COBAN ALTA VERAPA",GT-NIT-98733125,,,
702,1,1,1,"ASOCIACION AGRICOLA PECUARIA CUCHIL, TUCURU, A.V.",GT-NIT-54173639,,,
703,1,1,1,FUNDACIÓN  LAGUNA LACHUA -FUNDALACHUA-,GT-NIT-64398145,,,
704,1,1,1,ASOCIACIÓN DE DESARROLLO INTEGRAL SEPUR-ADIS-,GT-NIT-104500190,,,
705,1,1,1,"ASOCIACIÓN DE DESARROLLO AGROPECUARIO, SOCIAL INTEGRAL Y SOSTENIBLE SA'KOMONIL -ASOSAK",GT-NIT-109905679,,,
706,1,1,1,ASOCIACION CONSEJO DE ORGANIZACIONES DE DESARROLLO Y EDUCACION MAYA MAM. CODEMAM.,GT-NIT-42591643,,,
707,1,1,1,ASOCIACION DE PRODUCTORES AGRICOLAS Y SUS DERIVADOS DEL IXCAN,GT-NIT-68407750,,,
708,1,1,1,"COOPERATIVA INTEGRAL DE COMERCIALIZACION ""FLOR DEL CAFE LA MONTAÑITA"" RESPONSABILIDAD LIMITADA",GT-NIT-103204237,,,
709,1,1,1,ASOCIACION GUATEMALTECA PARA LA EDUCACION AGROPECUARIA,GT-NIT-7075650,,,
710,1,1,1,LA ASOCIACION DE PRODUCTORES COMUNITARIOS NUEVO SAN MARCOS,GT-NIT-104513063,,,
711,1,1,1,"COOPERATIVA DE AHORRO Y CREDITO INTEGRAL ""UNION FLORECER"" R.L.",GT-NIT-6303870,,,
712,1,1,1,CONSEJO COMUNITARIO DE DESARROLLO COCODE DEL PARAJE ALTA MIRANO CASERIO NUEVA VICTORIA,GT-NIT-100585663,,,
713,1,1,1,FUNDACIÓN AMG INTERNACIONAL (AVANCE DEL MINISTERIO DEL EVANGELIO),GT-NIT-2610698,,,
714,1,1,1,ASOCIACION DE MUJERES COMUNITARIAS AGROTEXTILES -AMUCA-,GT-NIT-99519895,,,
715,1,1,1,"""ASOCIACION RI NAB'EY QACH'ABAL""- SAN JUAN SACATEPEQUEZ",GT-NIT-96376333,,,
716,1,1,1,COOPERATIVA AGRICOLA INTEGRAL NUESTRO FUTURO RESPONSABILIDAD LIMITADA,GT-NIT-5145392,,,
717,1,1,1,MANCOMUNIDAD PARA EL DESARROLLO SOSTENIBLE DE LOS MUNICIPIOS DE LA CUENCA DEL LAGO PETEN ITZA,GT-NIT-36322768,,,
718,1,1,1,CONFERENCIA EPISCOPAL DE GUATEMALA,GT-NIT-6963889,,,
